-- generated_test_data.sql
-- generated by python + faker

START TRANSACTION;

-- users
INSERT INTO users (user_id, login, password_hash, avatar_url, is_blocked, blocked_by_user_id, blocked_at, block_reason) VALUES (1, 'admin_kozlovkir_2824', 'hash_admin_kozlovkir_2824', 'https://picsum.photos/501/457', FALSE, NULL, NULL, NULL);
INSERT INTO users (user_id, login, password_hash, avatar_url, is_blocked, blocked_by_user_id, blocked_at, block_reason) VALUES (2, 'admin_larionovtrifon_1409', 'hash_admin_larionovtrifon_1409', 'https://picsum.photos/178/864', FALSE, NULL, NULL, NULL);
INSERT INTO users (user_id, login, password_hash, avatar_url, is_blocked, blocked_by_user_id, blocked_at, block_reason) VALUES (3, 'admin_tarasovaekaterina_5506', 'hash_admin_tarasovaekaterina_5506', 'https://placekitten.com/476/54', FALSE, NULL, NULL, NULL);
INSERT INTO users (user_id, login, password_hash, avatar_url, is_blocked, blocked_by_user_id, blocked_at, block_reason) VALUES (4, 'manager_trifongavrilov_5012', 'hash_manager_trifongavrilov_5012', 'https://placekitten.com/451/919', FALSE, NULL, NULL, NULL);
INSERT INTO users (user_id, login, password_hash, avatar_url, is_blocked, blocked_by_user_id, blocked_at, block_reason) VALUES (5, 'manager_averjan26_4657', 'hash_manager_averjan26_4657', 'https://picsum.photos/696/569', FALSE, NULL, NULL, NULL);
INSERT INTO users (user_id, login, password_hash, avatar_url, is_blocked, blocked_by_user_id, blocked_at, block_reason) VALUES (6, 'manager_martinorlov_3286', 'hash_manager_martinorlov_3286', 'https://picsum.photos/189/778', FALSE, NULL, NULL, NULL);
INSERT INTO users (user_id, login, password_hash, avatar_url, is_blocked, blocked_by_user_id, blocked_at, block_reason) VALUES (7, 'manager_mechislav_94_2679', 'hash_manager_mechislav_94_2679', 'https://placekitten.com/88/940', FALSE, NULL, NULL, NULL);
INSERT INTO users (user_id, login, password_hash, avatar_url, is_blocked, blocked_by_user_id, blocked_at, block_reason) VALUES (8, 'manager_turovnarkis_9935', 'hash_manager_turovnarkis_9935', 'https://placekitten.com/161/600', FALSE, NULL, NULL, NULL);
INSERT INTO users (user_id, login, password_hash, avatar_url, is_blocked, blocked_by_user_id, blocked_at, block_reason) VALUES (9, 'moderator_florentin_31_2424', 'hash_moderator_florentin_31_2424', 'https://dummyimage.com/93x466', FALSE, NULL, NULL, NULL);
INSERT INTO users (user_id, login, password_hash, avatar_url, is_blocked, blocked_by_user_id, blocked_at, block_reason) VALUES (10, 'moderator_krasilnikovigor_7912', 'hash_moderator_krasilnikovigor_7912', 'https://dummyimage.com/206x778', FALSE, NULL, NULL, NULL);
INSERT INTO users (user_id, login, password_hash, avatar_url, is_blocked, blocked_by_user_id, blocked_at, block_reason) VALUES (11, 'moderator_aleksandra2016_1520', 'hash_moderator_aleksandra2016_1520', 'https://dummyimage.com/333x758', FALSE, NULL, NULL, NULL);
INSERT INTO users (user_id, login, password_hash, avatar_url, is_blocked, blocked_by_user_id, blocked_at, block_reason) VALUES (12, 'moderator_karlfilatov_1488', 'hash_moderator_karlfilatov_1488', 'https://placekitten.com/146/350', FALSE, NULL, NULL, NULL);
INSERT INTO users (user_id, login, password_hash, avatar_url, is_blocked, blocked_by_user_id, blocked_at, block_reason) VALUES (13, 'moderator_gremislavsuvorov_2535', 'hash_moderator_gremislavsuvorov_2535', 'https://placekitten.com/777/552', FALSE, NULL, NULL, NULL);
INSERT INTO users (user_id, login, password_hash, avatar_url, is_blocked, blocked_by_user_id, blocked_at, block_reason) VALUES (14, 'moderator_efim_2008_4582', 'hash_moderator_efim_2008_4582', 'https://picsum.photos/114/469', FALSE, NULL, NULL, NULL);
INSERT INTO users (user_id, login, password_hash, avatar_url, is_blocked, blocked_by_user_id, blocked_at, block_reason) VALUES (15, 'player_oleg_41_4811', 'hash_player_oleg_41_4811', 'https://picsum.photos/432/644', FALSE, NULL, NULL, NULL);
INSERT INTO users (user_id, login, password_hash, avatar_url, is_blocked, blocked_by_user_id, blocked_at, block_reason) VALUES (16, 'player_nikola2019_1434', 'hash_player_nikola2019_1434', 'https://dummyimage.com/939x292', TRUE, 2, '2026-01-17 18:00:00', 'Нарушение правил платформы');
INSERT INTO users (user_id, login, password_hash, avatar_url, is_blocked, blocked_by_user_id, blocked_at, block_reason) VALUES (17, 'player_zinaidakononova_4257', 'hash_player_zinaidakononova_4257', 'https://placekitten.com/538/877', FALSE, NULL, NULL, NULL);
INSERT INTO users (user_id, login, password_hash, avatar_url, is_blocked, blocked_by_user_id, blocked_at, block_reason) VALUES (18, 'player_ovladimirov_9928', 'hash_player_ovladimirov_9928', 'https://picsum.photos/283/1010', FALSE, NULL, NULL, NULL);
INSERT INTO users (user_id, login, password_hash, avatar_url, is_blocked, blocked_by_user_id, blocked_at, block_reason) VALUES (19, 'player_samolovavalerija_4611', 'hash_player_samolovavalerija_4611', 'https://placekitten.com/313/327', FALSE, NULL, NULL, NULL);
INSERT INTO users (user_id, login, password_hash, avatar_url, is_blocked, blocked_by_user_id, blocked_at, block_reason) VALUES (20, 'player_erjabova_5557', 'hash_player_erjabova_5557', 'https://placekitten.com/788/781', FALSE, NULL, NULL, NULL);
INSERT INTO users (user_id, login, password_hash, avatar_url, is_blocked, blocked_by_user_id, blocked_at, block_reason) VALUES (21, 'player_stojan1984_1106', 'hash_player_stojan1984_1106', 'https://placekitten.com/23/234', FALSE, NULL, NULL, NULL);
INSERT INTO users (user_id, login, password_hash, avatar_url, is_blocked, blocked_by_user_id, blocked_at, block_reason) VALUES (22, 'player_polina_1984_3615', 'hash_player_polina_1984_3615', 'https://dummyimage.com/696x228', TRUE, 1, '2026-02-13 05:00:00', 'Подозрительная игровая активность');
INSERT INTO users (user_id, login, password_hash, avatar_url, is_blocked, blocked_by_user_id, blocked_at, block_reason) VALUES (23, 'player_dveselov_7924', 'hash_player_dveselov_7924', 'https://placekitten.com/6/539', FALSE, NULL, NULL, NULL);
INSERT INTO users (user_id, login, password_hash, avatar_url, is_blocked, blocked_by_user_id, blocked_at, block_reason) VALUES (24, 'player_praskovjasisoeva_5552', 'hash_player_praskovjasisoeva_5552', 'https://placekitten.com/217/611', FALSE, NULL, NULL, NULL);
INSERT INTO users (user_id, login, password_hash, avatar_url, is_blocked, blocked_by_user_id, blocked_at, block_reason) VALUES (25, 'player_juvenali_1981_4527', 'hash_player_juvenali_1981_4527', 'https://placekitten.com/765/330', FALSE, NULL, NULL, NULL);
INSERT INTO users (user_id, login, password_hash, avatar_url, is_blocked, blocked_by_user_id, blocked_at, block_reason) VALUES (26, 'player_avgust_2003_6514', 'hash_player_avgust_2003_6514', 'https://picsum.photos/1000/39', FALSE, NULL, NULL, NULL);
INSERT INTO users (user_id, login, password_hash, avatar_url, is_blocked, blocked_by_user_id, blocked_at, block_reason) VALUES (27, 'player_leon_30_2519', 'hash_player_leon_30_2519', 'https://picsum.photos/493/161', FALSE, NULL, NULL, NULL);
INSERT INTO users (user_id, login, password_hash, avatar_url, is_blocked, blocked_by_user_id, blocked_at, block_reason) VALUES (28, 'player_arhip2024_2584', 'hash_player_arhip2024_2584', 'https://placekitten.com/257/262', FALSE, NULL, NULL, NULL);
INSERT INTO users (user_id, login, password_hash, avatar_url, is_blocked, blocked_by_user_id, blocked_at, block_reason) VALUES (29, 'player_uljan1979_6635', 'hash_player_uljan1979_6635', 'https://placekitten.com/866/433', FALSE, NULL, NULL, NULL);
INSERT INTO users (user_id, login, password_hash, avatar_url, is_blocked, blocked_by_user_id, blocked_at, block_reason) VALUES (30, 'player_leontivlasov_5333', 'hash_player_leontivlasov_5333', 'https://placekitten.com/764/897', FALSE, NULL, NULL, NULL);
INSERT INTO users (user_id, login, password_hash, avatar_url, is_blocked, blocked_by_user_id, blocked_at, block_reason) VALUES (31, 'player_vissarion1983_1711', 'hash_player_vissarion1983_1711', 'https://picsum.photos/131/692', FALSE, NULL, NULL, NULL);
INSERT INTO users (user_id, login, password_hash, avatar_url, is_blocked, blocked_by_user_id, blocked_at, block_reason) VALUES (32, 'player_ivan_2003_8527', 'hash_player_ivan_2003_8527', 'https://placekitten.com/14/145', FALSE, NULL, NULL, NULL);
INSERT INTO users (user_id, login, password_hash, avatar_url, is_blocked, blocked_by_user_id, blocked_at, block_reason) VALUES (33, 'player_danilovaangelina_3045', 'hash_player_danilovaangelina_3045', 'https://picsum.photos/64/676', FALSE, NULL, NULL, NULL);
INSERT INTO users (user_id, login, password_hash, avatar_url, is_blocked, blocked_by_user_id, blocked_at, block_reason) VALUES (34, 'player_izot_1985_2291', 'hash_player_izot_1985_2291', 'https://placekitten.com/994/438', FALSE, NULL, NULL, NULL);
INSERT INTO users (user_id, login, password_hash, avatar_url, is_blocked, blocked_by_user_id, blocked_at, block_reason) VALUES (35, 'player_uljanaignateva_5803', 'hash_player_uljanaignateva_5803', 'https://dummyimage.com/968x497', FALSE, NULL, NULL, NULL);
INSERT INTO users (user_id, login, password_hash, avatar_url, is_blocked, blocked_by_user_id, blocked_at, block_reason) VALUES (36, 'player_gshcherbakov_6925', 'hash_player_gshcherbakov_6925', 'https://dummyimage.com/198x882', FALSE, NULL, NULL, NULL);
INSERT INTO users (user_id, login, password_hash, avatar_url, is_blocked, blocked_by_user_id, blocked_at, block_reason) VALUES (37, 'player_dbirjukov_4150', 'hash_player_dbirjukov_4150', 'https://picsum.photos/110/201', FALSE, NULL, NULL, NULL);
INSERT INTO users (user_id, login, password_hash, avatar_url, is_blocked, blocked_by_user_id, blocked_at, block_reason) VALUES (38, 'player_varhipova_2139', 'hash_player_varhipova_2139', 'https://picsum.photos/223/509', FALSE, NULL, NULL, NULL);
INSERT INTO users (user_id, login, password_hash, avatar_url, is_blocked, blocked_by_user_id, blocked_at, block_reason) VALUES (39, 'player_terentitretjakov_4733', 'hash_player_terentitretjakov_4733', 'https://picsum.photos/287/864', FALSE, NULL, NULL, NULL);
INSERT INTO users (user_id, login, password_hash, avatar_url, is_blocked, blocked_by_user_id, blocked_at, block_reason) VALUES (40, 'player_roman31_5741', 'hash_player_roman31_5741', 'https://picsum.photos/907/200', FALSE, NULL, NULL, NULL);
INSERT INTO users (user_id, login, password_hash, avatar_url, is_blocked, blocked_by_user_id, blocked_at, block_reason) VALUES (41, 'player_agafon_2024_4814', 'hash_player_agafon_2024_4814', 'https://dummyimage.com/484x340', FALSE, NULL, NULL, NULL);
INSERT INTO users (user_id, login, password_hash, avatar_url, is_blocked, blocked_by_user_id, blocked_at, block_reason) VALUES (42, 'player_svetozar1982_2654', 'hash_player_svetozar1982_2654', 'https://picsum.photos/821/120', FALSE, NULL, NULL, NULL);
INSERT INTO users (user_id, login, password_hash, avatar_url, is_blocked, blocked_by_user_id, blocked_at, block_reason) VALUES (43, 'player_yivanov_5554', 'hash_player_yivanov_5554', 'https://dummyimage.com/543x931', FALSE, NULL, NULL, NULL);
INSERT INTO users (user_id, login, password_hash, avatar_url, is_blocked, blocked_by_user_id, blocked_at, block_reason) VALUES (44, 'player_uaksenova_6977', 'hash_player_uaksenova_6977', 'https://picsum.photos/996/317', FALSE, NULL, NULL, NULL);
INSERT INTO users (user_id, login, password_hash, avatar_url, is_blocked, blocked_by_user_id, blocked_at, block_reason) VALUES (45, 'player_erofe09_7065', 'hash_player_erofe09_7065', 'https://picsum.photos/124/642', FALSE, NULL, NULL, NULL);
INSERT INTO users (user_id, login, password_hash, avatar_url, is_blocked, blocked_by_user_id, blocked_at, block_reason) VALUES (46, 'player_loginovaolga_4432', 'hash_player_loginovaolga_4432', 'https://placekitten.com/322/116', FALSE, NULL, NULL, NULL);
INSERT INTO users (user_id, login, password_hash, avatar_url, is_blocked, blocked_by_user_id, blocked_at, block_reason) VALUES (47, 'player_jakushevdorofe_5374', 'hash_player_jakushevdorofe_5374', 'https://placekitten.com/140/139', FALSE, NULL, NULL, NULL);
INSERT INTO users (user_id, login, password_hash, avatar_url, is_blocked, blocked_by_user_id, blocked_at, block_reason) VALUES (48, 'player_olimpikovalev_2169', 'hash_player_olimpikovalev_2169', 'https://placekitten.com/504/81', FALSE, NULL, NULL, NULL);
INSERT INTO users (user_id, login, password_hash, avatar_url, is_blocked, blocked_by_user_id, blocked_at, block_reason) VALUES (49, 'player_gavrilovfortunat_3803', 'hash_player_gavrilovfortunat_3803', 'https://picsum.photos/647/534', FALSE, NULL, NULL, NULL);
INSERT INTO users (user_id, login, password_hash, avatar_url, is_blocked, blocked_by_user_id, blocked_at, block_reason) VALUES (50, 'player_izjaslav_46_5010', 'hash_player_izjaslav_46_5010', 'https://dummyimage.com/268x614', FALSE, NULL, NULL, NULL);
INSERT INTO users (user_id, login, password_hash, avatar_url, is_blocked, blocked_by_user_id, blocked_at, block_reason) VALUES (51, 'player_polina_10_8573', 'hash_player_polina_10_8573', 'https://picsum.photos/938/204', FALSE, NULL, NULL, NULL);
INSERT INTO users (user_id, login, password_hash, avatar_url, is_blocked, blocked_by_user_id, blocked_at, block_reason) VALUES (52, 'player_ermil_1998_5422', 'hash_player_ermil_1998_5422', 'https://picsum.photos/271/714', FALSE, NULL, NULL, NULL);
INSERT INTO users (user_id, login, password_hash, avatar_url, is_blocked, blocked_by_user_id, blocked_at, block_reason) VALUES (53, 'player_moisebobrov_4598', 'hash_player_moisebobrov_4598', 'https://placekitten.com/323/897', FALSE, NULL, NULL, NULL);
INSERT INTO users (user_id, login, password_hash, avatar_url, is_blocked, blocked_by_user_id, blocked_at, block_reason) VALUES (54, 'player_juli80_6313', 'hash_player_juli80_6313', 'https://picsum.photos/613/212', FALSE, NULL, NULL, NULL);
INSERT INTO users (user_id, login, password_hash, avatar_url, is_blocked, blocked_by_user_id, blocked_at, block_reason) VALUES (55, 'player_viktor18_1916', 'hash_player_viktor18_1916', 'https://dummyimage.com/318x557', FALSE, NULL, NULL, NULL);
INSERT INTO users (user_id, login, password_hash, avatar_url, is_blocked, blocked_by_user_id, blocked_at, block_reason) VALUES (56, 'player_mefodiershov_1525', 'hash_player_mefodiershov_1525', 'https://dummyimage.com/540x1000', FALSE, NULL, NULL, NULL);
INSERT INTO users (user_id, login, password_hash, avatar_url, is_blocked, blocked_by_user_id, blocked_at, block_reason) VALUES (57, 'player_tarasovanatalja_6168', 'hash_player_tarasovanatalja_6168', 'https://picsum.photos/566/90', FALSE, NULL, NULL, NULL);
INSERT INTO users (user_id, login, password_hash, avatar_url, is_blocked, blocked_by_user_id, blocked_at, block_reason) VALUES (58, 'player_uljana_24_5386', 'hash_player_uljana_24_5386', 'https://placekitten.com/330/904', FALSE, NULL, NULL, NULL);
INSERT INTO users (user_id, login, password_hash, avatar_url, is_blocked, blocked_by_user_id, blocked_at, block_reason) VALUES (59, 'player_akulikova_4456', 'hash_player_akulikova_4456', 'https://placekitten.com/229/154', FALSE, NULL, NULL, NULL);
INSERT INTO users (user_id, login, password_hash, avatar_url, is_blocked, blocked_by_user_id, blocked_at, block_reason) VALUES (60, 'player_sofijapetrova_6155', 'hash_player_sofijapetrova_6155', 'https://dummyimage.com/756x303', FALSE, NULL, NULL, NULL);
INSERT INTO users (user_id, login, password_hash, avatar_url, is_blocked, blocked_by_user_id, blocked_at, block_reason) VALUES (61, 'player_alinatimofeeva_9179', 'hash_player_alinatimofeeva_9179', 'https://dummyimage.com/746x81', FALSE, NULL, NULL, NULL);
INSERT INTO users (user_id, login, password_hash, avatar_url, is_blocked, blocked_by_user_id, blocked_at, block_reason) VALUES (62, 'player_ipatharitonov_8517', 'hash_player_ipatharitonov_8517', 'https://placekitten.com/210/724', FALSE, NULL, NULL, NULL);
INSERT INTO users (user_id, login, password_hash, avatar_url, is_blocked, blocked_by_user_id, blocked_at, block_reason) VALUES (63, 'player_nlitkina_5339', 'hash_player_nlitkina_5339', 'https://picsum.photos/316/484', FALSE, NULL, NULL, NULL);
INSERT INTO users (user_id, login, password_hash, avatar_url, is_blocked, blocked_by_user_id, blocked_at, block_reason) VALUES (64, 'player_nadezhdakozlova_5040', 'hash_player_nadezhdakozlova_5040', 'https://dummyimage.com/367x680', FALSE, NULL, NULL, NULL);
INSERT INTO users (user_id, login, password_hash, avatar_url, is_blocked, blocked_by_user_id, blocked_at, block_reason) VALUES (65, 'player_karljakovlev_9830', 'hash_player_karljakovlev_9830', 'https://picsum.photos/221/783', FALSE, NULL, NULL, NULL);
INSERT INTO users (user_id, login, password_hash, avatar_url, is_blocked, blocked_by_user_id, blocked_at, block_reason) VALUES (66, 'player_efrem1981_8019', 'hash_player_efrem1981_8019', 'https://dummyimage.com/942x716', FALSE, NULL, NULL, NULL);
INSERT INTO users (user_id, login, password_hash, avatar_url, is_blocked, blocked_by_user_id, blocked_at, block_reason) VALUES (67, 'player_zaharkozlov_7543', 'hash_player_zaharkozlov_7543', 'https://dummyimage.com/395x816', FALSE, NULL, NULL, NULL);
INSERT INTO users (user_id, login, password_hash, avatar_url, is_blocked, blocked_by_user_id, blocked_at, block_reason) VALUES (68, 'player_arhip45_4593', 'hash_player_arhip45_4593', 'https://picsum.photos/818/678', FALSE, NULL, NULL, NULL);
INSERT INTO users (user_id, login, password_hash, avatar_url, is_blocked, blocked_by_user_id, blocked_at, block_reason) VALUES (69, 'player_shashkovkazimir_9348', 'hash_player_shashkovkazimir_9348', 'https://picsum.photos/365/543', FALSE, NULL, NULL, NULL);
INSERT INTO users (user_id, login, password_hash, avatar_url, is_blocked, blocked_by_user_id, blocked_at, block_reason) VALUES (70, 'player_kirillovplaton_2489', 'hash_player_kirillovplaton_2489', 'https://dummyimage.com/707x642', FALSE, NULL, NULL, NULL);
INSERT INTO users (user_id, login, password_hash, avatar_url, is_blocked, blocked_by_user_id, blocked_at, block_reason) VALUES (71, 'player_viktor_1991_1771', 'hash_player_viktor_1991_1771', 'https://picsum.photos/389/521', FALSE, NULL, NULL, NULL);
INSERT INTO users (user_id, login, password_hash, avatar_url, is_blocked, blocked_by_user_id, blocked_at, block_reason) VALUES (72, 'player_hsmirnov_2796', 'hash_player_hsmirnov_2796', 'https://dummyimage.com/403x745', FALSE, NULL, NULL, NULL);
INSERT INTO users (user_id, login, password_hash, avatar_url, is_blocked, blocked_by_user_id, blocked_at, block_reason) VALUES (73, 'player_blohinmaksimiljan_3621', 'hash_player_blohinmaksimiljan_3621', 'https://placekitten.com/642/255', FALSE, NULL, NULL, NULL);
INSERT INTO users (user_id, login, password_hash, avatar_url, is_blocked, blocked_by_user_id, blocked_at, block_reason) VALUES (74, 'player_silvestr46_7916', 'hash_player_silvestr46_7916', 'https://placekitten.com/668/824', FALSE, NULL, NULL, NULL);
INSERT INTO users (user_id, login, password_hash, avatar_url, is_blocked, blocked_by_user_id, blocked_at, block_reason) VALUES (75, 'player_fade23_2040', 'hash_player_fade23_2040', 'https://placekitten.com/861/776', FALSE, NULL, NULL, NULL);
INSERT INTO users (user_id, login, password_hash, avatar_url, is_blocked, blocked_by_user_id, blocked_at, block_reason) VALUES (76, 'player_emilijaermakova_7252', 'hash_player_emilijaermakova_7252', 'https://placekitten.com/616/831', FALSE, NULL, NULL, NULL);
INSERT INTO users (user_id, login, password_hash, avatar_url, is_blocked, blocked_by_user_id, blocked_at, block_reason) VALUES (77, 'player_antonovaija_8668', 'hash_player_antonovaija_8668', 'https://placekitten.com/430/880', FALSE, NULL, NULL, NULL);
INSERT INTO users (user_id, login, password_hash, avatar_url, is_blocked, blocked_by_user_id, blocked_at, block_reason) VALUES (78, 'player_ruben_77_5119', 'hash_player_ruben_77_5119', 'https://placekitten.com/437/969', FALSE, NULL, NULL, NULL);
INSERT INTO users (user_id, login, password_hash, avatar_url, is_blocked, blocked_by_user_id, blocked_at, block_reason) VALUES (79, 'player_anzhelikabobrova_1188', 'hash_player_anzhelikabobrova_1188', 'https://picsum.photos/686/191', FALSE, NULL, NULL, NULL);
INSERT INTO users (user_id, login, password_hash, avatar_url, is_blocked, blocked_by_user_id, blocked_at, block_reason) VALUES (80, 'player_zinovi32_2876', 'hash_player_zinovi32_2876', 'https://picsum.photos/50/94', FALSE, NULL, NULL, NULL);
INSERT INTO users (user_id, login, password_hash, avatar_url, is_blocked, blocked_by_user_id, blocked_at, block_reason) VALUES (81, 'player_julian2017_9797', 'hash_player_julian2017_9797', 'https://dummyimage.com/149x932', FALSE, NULL, NULL, NULL);
INSERT INTO users (user_id, login, password_hash, avatar_url, is_blocked, blocked_by_user_id, blocked_at, block_reason) VALUES (82, 'player_nestorgorshkov_5371', 'hash_player_nestorgorshkov_5371', 'https://picsum.photos/818/499', FALSE, NULL, NULL, NULL);
INSERT INTO users (user_id, login, password_hash, avatar_url, is_blocked, blocked_by_user_id, blocked_at, block_reason) VALUES (83, 'player_rozhkovavalentina_6573', 'hash_player_rozhkovavalentina_6573', 'https://picsum.photos/870/448', FALSE, NULL, NULL, NULL);
INSERT INTO users (user_id, login, password_hash, avatar_url, is_blocked, blocked_by_user_id, blocked_at, block_reason) VALUES (84, 'player_rostislav_1972_5808', 'hash_player_rostislav_1972_5808', 'https://dummyimage.com/510x248', FALSE, NULL, NULL, NULL);
INSERT INTO users (user_id, login, password_hash, avatar_url, is_blocked, blocked_by_user_id, blocked_at, block_reason) VALUES (85, 'player_oktjabrinaharitonova_3591', 'hash_player_oktjabrinaharitonova_3591', 'https://placekitten.com/649/906', FALSE, NULL, NULL, NULL);
INSERT INTO users (user_id, login, password_hash, avatar_url, is_blocked, blocked_by_user_id, blocked_at, block_reason) VALUES (86, 'player_parfen_2016_1053', 'hash_player_parfen_2016_1053', 'https://placekitten.com/913/325', FALSE, NULL, NULL, NULL);
INSERT INTO users (user_id, login, password_hash, avatar_url, is_blocked, blocked_by_user_id, blocked_at, block_reason) VALUES (87, 'player_radim1984_5315', 'hash_player_radim1984_5315', 'https://placekitten.com/506/567', FALSE, NULL, NULL, NULL);
INSERT INTO users (user_id, login, password_hash, avatar_url, is_blocked, blocked_by_user_id, blocked_at, block_reason) VALUES (88, 'player_jaroslav1983_3927', 'hash_player_jaroslav1983_3927', 'https://placekitten.com/900/158', FALSE, NULL, NULL, NULL);
INSERT INTO users (user_id, login, password_hash, avatar_url, is_blocked, blocked_by_user_id, blocked_at, block_reason) VALUES (89, 'player_izmail45_2743', 'hash_player_izmail45_2743', 'https://picsum.photos/654/165', FALSE, NULL, NULL, NULL);
INSERT INTO users (user_id, login, password_hash, avatar_url, is_blocked, blocked_by_user_id, blocked_at, block_reason) VALUES (90, 'player_elizavetablinova_5889', 'hash_player_elizavetablinova_5889', 'https://picsum.photos/312/438', FALSE, NULL, NULL, NULL);
INSERT INTO users (user_id, login, password_hash, avatar_url, is_blocked, blocked_by_user_id, blocked_at, block_reason) VALUES (91, 'player_vavdeev_9317', 'hash_player_vavdeev_9317', 'https://picsum.photos/954/851', FALSE, NULL, NULL, NULL);
INSERT INTO users (user_id, login, password_hash, avatar_url, is_blocked, blocked_by_user_id, blocked_at, block_reason) VALUES (92, 'player_pantelemonkolesnikov_4258', 'hash_player_pantelemonkolesnikov_4258', 'https://dummyimage.com/40x779', TRUE, 2, '2026-01-31 05:00:00', 'Подозрительная игровая активность');
INSERT INTO users (user_id, login, password_hash, avatar_url, is_blocked, blocked_by_user_id, blocked_at, block_reason) VALUES (93, 'player_fokinaljudmila_7126', 'hash_player_fokinaljudmila_7126', 'https://dummyimage.com/611x798', TRUE, 3, '2026-01-20 02:00:00', 'Нарушение правил платформы');
INSERT INTO users (user_id, login, password_hash, avatar_url, is_blocked, blocked_by_user_id, blocked_at, block_reason) VALUES (94, 'player_olga_2011_3646', 'hash_player_olga_2011_3646', 'https://picsum.photos/451/999', FALSE, NULL, NULL, NULL);
INSERT INTO users (user_id, login, password_hash, avatar_url, is_blocked, blocked_by_user_id, blocked_at, block_reason) VALUES (95, 'player_polikarp70_9689', 'hash_player_polikarp70_9689', 'https://placekitten.com/796/688', FALSE, NULL, NULL, NULL);
INSERT INTO users (user_id, login, password_hash, avatar_url, is_blocked, blocked_by_user_id, blocked_at, block_reason) VALUES (96, 'player_kvoronova_6310', 'hash_player_kvoronova_6310', 'https://placekitten.com/957/261', TRUE, 14, '2026-01-30 16:00:00', 'Попытка мошенничества');
INSERT INTO users (user_id, login, password_hash, avatar_url, is_blocked, blocked_by_user_id, blocked_at, block_reason) VALUES (97, 'player_aleksandr_2020_1319', 'hash_player_aleksandr_2020_1319', 'https://placekitten.com/55/171', FALSE, NULL, NULL, NULL);
INSERT INTO users (user_id, login, password_hash, avatar_url, is_blocked, blocked_by_user_id, blocked_at, block_reason) VALUES (98, 'player_ddorofeev_6947', 'hash_player_ddorofeev_6947', 'https://dummyimage.com/372x102', FALSE, NULL, NULL, NULL);
INSERT INTO users (user_id, login, password_hash, avatar_url, is_blocked, blocked_by_user_id, blocked_at, block_reason) VALUES (99, 'player_nlapin_6038', 'hash_player_nlapin_6038', 'https://dummyimage.com/931x669', FALSE, NULL, NULL, NULL);
INSERT INTO users (user_id, login, password_hash, avatar_url, is_blocked, blocked_by_user_id, blocked_at, block_reason) VALUES (100, 'player_wnaumov_1949', 'hash_player_wnaumov_1949', 'https://picsum.photos/863/516', FALSE, NULL, NULL, NULL);
INSERT INTO users (user_id, login, password_hash, avatar_url, is_blocked, blocked_by_user_id, blocked_at, block_reason) VALUES (101, 'player_adam2012_2290', 'hash_player_adam2012_2290', 'https://picsum.photos/106/716', FALSE, NULL, NULL, NULL);
INSERT INTO users (user_id, login, password_hash, avatar_url, is_blocked, blocked_by_user_id, blocked_at, block_reason) VALUES (102, 'player_guljaevandron_8962', 'hash_player_guljaevandron_8962', 'https://picsum.photos/63/506', FALSE, NULL, NULL, NULL);
INSERT INTO users (user_id, login, password_hash, avatar_url, is_blocked, blocked_by_user_id, blocked_at, block_reason) VALUES (103, 'player_efremovaviktorija_2133', 'hash_player_efremovaviktorija_2133', 'https://dummyimage.com/488x258', TRUE, 1, '2026-01-28 11:00:00', 'Множественные жалобы');
INSERT INTO users (user_id, login, password_hash, avatar_url, is_blocked, blocked_by_user_id, blocked_at, block_reason) VALUES (104, 'player_vorontsoverofe_9727', 'hash_player_vorontsoverofe_9727', 'https://dummyimage.com/952x524', FALSE, NULL, NULL, NULL);
INSERT INTO users (user_id, login, password_hash, avatar_url, is_blocked, blocked_by_user_id, blocked_at, block_reason) VALUES (105, 'player_eleonorakosheleva_3060', 'hash_player_eleonorakosheleva_3060', 'https://dummyimage.com/234x335', FALSE, NULL, NULL, NULL);
INSERT INTO users (user_id, login, password_hash, avatar_url, is_blocked, blocked_by_user_id, blocked_at, block_reason) VALUES (106, 'player_savinaleksandr_8787', 'hash_player_savinaleksandr_8787', 'https://dummyimage.com/638x768', FALSE, NULL, NULL, NULL);
INSERT INTO users (user_id, login, password_hash, avatar_url, is_blocked, blocked_by_user_id, blocked_at, block_reason) VALUES (107, 'player_afinogenkapustin_3705', 'hash_player_afinogenkapustin_3705', 'https://placekitten.com/497/208', FALSE, NULL, NULL, NULL);
INSERT INTO users (user_id, login, password_hash, avatar_url, is_blocked, blocked_by_user_id, blocked_at, block_reason) VALUES (108, 'player_elizaveta91_9645', 'hash_player_elizaveta91_9645', 'https://placekitten.com/84/711', FALSE, NULL, NULL, NULL);
INSERT INTO users (user_id, login, password_hash, avatar_url, is_blocked, blocked_by_user_id, blocked_at, block_reason) VALUES (109, 'player_xkonovalova_7932', 'hash_player_xkonovalova_7932', 'https://picsum.photos/141/698', FALSE, NULL, NULL, NULL);
INSERT INTO users (user_id, login, password_hash, avatar_url, is_blocked, blocked_by_user_id, blocked_at, block_reason) VALUES (110, 'player_fagafonova_9835', 'hash_player_fagafonova_9835', 'https://dummyimage.com/216x887', FALSE, NULL, NULL, NULL);
INSERT INTO users (user_id, login, password_hash, avatar_url, is_blocked, blocked_by_user_id, blocked_at, block_reason) VALUES (111, 'player_lidija1978_4295', 'hash_player_lidija1978_4295', 'https://placekitten.com/360/553', FALSE, NULL, NULL, NULL);
INSERT INTO users (user_id, login, password_hash, avatar_url, is_blocked, blocked_by_user_id, blocked_at, block_reason) VALUES (112, 'player_fevronija_1997_6107', 'hash_player_fevronija_1997_6107', 'https://dummyimage.com/892x549', FALSE, NULL, NULL, NULL);
INSERT INTO users (user_id, login, password_hash, avatar_url, is_blocked, blocked_by_user_id, blocked_at, block_reason) VALUES (113, 'player_bojanmatveev_7118', 'hash_player_bojanmatveev_7118', 'https://dummyimage.com/923x499', FALSE, NULL, NULL, NULL);
INSERT INTO users (user_id, login, password_hash, avatar_url, is_blocked, blocked_by_user_id, blocked_at, block_reason) VALUES (114, 'player_bmuravev_9479', 'hash_player_bmuravev_9479', 'https://picsum.photos/1012/665', FALSE, NULL, NULL, NULL);
INSERT INTO users (user_id, login, password_hash, avatar_url, is_blocked, blocked_by_user_id, blocked_at, block_reason) VALUES (115, 'player_ereme1989_2982', 'hash_player_ereme1989_2982', 'https://dummyimage.com/529x697', FALSE, NULL, NULL, NULL);
INSERT INTO users (user_id, login, password_hash, avatar_url, is_blocked, blocked_by_user_id, blocked_at, block_reason) VALUES (116, 'player_fedor08_4681', 'hash_player_fedor08_4681', 'https://picsum.photos/391/175', FALSE, NULL, NULL, NULL);
INSERT INTO users (user_id, login, password_hash, avatar_url, is_blocked, blocked_by_user_id, blocked_at, block_reason) VALUES (117, 'player_jsmirnova_6539', 'hash_player_jsmirnova_6539', 'https://placekitten.com/492/975', FALSE, NULL, NULL, NULL);
INSERT INTO users (user_id, login, password_hash, avatar_url, is_blocked, blocked_by_user_id, blocked_at, block_reason) VALUES (118, 'player_prohor2014_4770', 'hash_player_prohor2014_4770', 'https://picsum.photos/190/602', FALSE, NULL, NULL, NULL);
INSERT INTO users (user_id, login, password_hash, avatar_url, is_blocked, blocked_by_user_id, blocked_at, block_reason) VALUES (119, 'player_pisakova_4608', 'hash_player_pisakova_4608', 'https://dummyimage.com/627x755', FALSE, NULL, NULL, NULL);
INSERT INTO users (user_id, login, password_hash, avatar_url, is_blocked, blocked_by_user_id, blocked_at, block_reason) VALUES (120, 'player_taras_1989_2163', 'hash_player_taras_1989_2163', 'https://placekitten.com/677/720', FALSE, NULL, NULL, NULL);
INSERT INTO users (user_id, login, password_hash, avatar_url, is_blocked, blocked_by_user_id, blocked_at, block_reason) VALUES (121, 'player_kasjan1987_1964', 'hash_player_kasjan1987_1964', 'https://placekitten.com/472/247', FALSE, NULL, NULL, NULL);
INSERT INTO users (user_id, login, password_hash, avatar_url, is_blocked, blocked_by_user_id, blocked_at, block_reason) VALUES (122, 'player_lukakovalev_2104', 'hash_player_lukakovalev_2104', 'https://picsum.photos/379/392', FALSE, NULL, NULL, NULL);
INSERT INTO users (user_id, login, password_hash, avatar_url, is_blocked, blocked_by_user_id, blocked_at, block_reason) VALUES (123, 'player_kirill2010_6413', 'hash_player_kirill2010_6413', 'https://picsum.photos/579/205', FALSE, NULL, NULL, NULL);
INSERT INTO users (user_id, login, password_hash, avatar_url, is_blocked, blocked_by_user_id, blocked_at, block_reason) VALUES (124, 'player_zosima52_9423', 'hash_player_zosima52_9423', 'https://placekitten.com/619/28', FALSE, NULL, NULL, NULL);
INSERT INTO users (user_id, login, password_hash, avatar_url, is_blocked, blocked_by_user_id, blocked_at, block_reason) VALUES (125, 'player_vladlen_1985_5562', 'hash_player_vladlen_1985_5562', 'https://placekitten.com/111/598', FALSE, NULL, NULL, NULL);
INSERT INTO users (user_id, login, password_hash, avatar_url, is_blocked, blocked_by_user_id, blocked_at, block_reason) VALUES (126, 'player_pelagejaorlova_8953', 'hash_player_pelagejaorlova_8953', 'https://dummyimage.com/25x582', FALSE, NULL, NULL, NULL);
INSERT INTO users (user_id, login, password_hash, avatar_url, is_blocked, blocked_by_user_id, blocked_at, block_reason) VALUES (127, 'player_potap1989_9834', 'hash_player_potap1989_9834', 'https://dummyimage.com/105x517', FALSE, NULL, NULL, NULL);
INSERT INTO users (user_id, login, password_hash, avatar_url, is_blocked, blocked_by_user_id, blocked_at, block_reason) VALUES (128, 'player_birjukovartemi_8744', 'hash_player_birjukovartemi_8744', 'https://picsum.photos/820/1007', FALSE, NULL, NULL, NULL);
INSERT INTO users (user_id, login, password_hash, avatar_url, is_blocked, blocked_by_user_id, blocked_at, block_reason) VALUES (129, 'player_alekseevaviktorija_8749', 'hash_player_alekseevaviktorija_8749', 'https://picsum.photos/622/174', FALSE, NULL, NULL, NULL);
INSERT INTO users (user_id, login, password_hash, avatar_url, is_blocked, blocked_by_user_id, blocked_at, block_reason) VALUES (130, 'player_naumovpankrati_7669', 'hash_player_naumovpankrati_7669', 'https://dummyimage.com/462x779', FALSE, NULL, NULL, NULL);
INSERT INTO users (user_id, login, password_hash, avatar_url, is_blocked, blocked_by_user_id, blocked_at, block_reason) VALUES (131, 'player_lavrenti2018_2545', 'hash_player_lavrenti2018_2545', 'https://placekitten.com/878/625', FALSE, NULL, NULL, NULL);
INSERT INTO users (user_id, login, password_hash, avatar_url, is_blocked, blocked_by_user_id, blocked_at, block_reason) VALUES (132, 'player_kostinaantonina_8062', 'hash_player_kostinaantonina_8062', 'https://dummyimage.com/425x432', FALSE, NULL, NULL, NULL);
INSERT INTO users (user_id, login, password_hash, avatar_url, is_blocked, blocked_by_user_id, blocked_at, block_reason) VALUES (133, 'player_jakovlevizjaslav_7939', 'hash_player_jakovlevizjaslav_7939', 'https://picsum.photos/355/153', FALSE, NULL, NULL, NULL);
INSERT INTO users (user_id, login, password_hash, avatar_url, is_blocked, blocked_by_user_id, blocked_at, block_reason) VALUES (134, 'player_isakovanonna_8651', 'hash_player_isakovanonna_8651', 'https://picsum.photos/962/596', FALSE, NULL, NULL, NULL);

-- admins
INSERT INTO admins (user_id) VALUES (1);
INSERT INTO admins (user_id) VALUES (2);
INSERT INTO admins (user_id) VALUES (3);

-- managers
INSERT INTO managers (user_id) VALUES (4);
INSERT INTO managers (user_id) VALUES (5);
INSERT INTO managers (user_id) VALUES (6);
INSERT INTO managers (user_id) VALUES (7);
INSERT INTO managers (user_id) VALUES (8);

-- moderators
INSERT INTO moderators (user_id) VALUES (9);
INSERT INTO moderators (user_id) VALUES (10);
INSERT INTO moderators (user_id) VALUES (11);
INSERT INTO moderators (user_id) VALUES (12);
INSERT INTO moderators (user_id) VALUES (13);
INSERT INTO moderators (user_id) VALUES (14);

-- players
INSERT INTO players (user_id, global_balance) VALUES (15, 8579.00);
INSERT INTO players (user_id, global_balance) VALUES (16, 9495.00);
INSERT INTO players (user_id, global_balance) VALUES (17, 12031.00);
INSERT INTO players (user_id, global_balance) VALUES (18, 7173.00);
INSERT INTO players (user_id, global_balance) VALUES (19, 7659.00);
INSERT INTO players (user_id, global_balance) VALUES (20, 13561.00);
INSERT INTO players (user_id, global_balance) VALUES (21, 12732.00);
INSERT INTO players (user_id, global_balance) VALUES (22, 11738.00);
INSERT INTO players (user_id, global_balance) VALUES (23, 5874.00);
INSERT INTO players (user_id, global_balance) VALUES (24, 2847.00);
INSERT INTO players (user_id, global_balance) VALUES (25, 12809.00);
INSERT INTO players (user_id, global_balance) VALUES (26, 1974.00);
INSERT INTO players (user_id, global_balance) VALUES (27, 6524.00);
INSERT INTO players (user_id, global_balance) VALUES (28, 6181.00);
INSERT INTO players (user_id, global_balance) VALUES (29, 10191.00);
INSERT INTO players (user_id, global_balance) VALUES (30, 13523.00);
INSERT INTO players (user_id, global_balance) VALUES (31, 12255.00);
INSERT INTO players (user_id, global_balance) VALUES (32, 9085.00);
INSERT INTO players (user_id, global_balance) VALUES (33, 6501.00);
INSERT INTO players (user_id, global_balance) VALUES (34, 9344.00);
INSERT INTO players (user_id, global_balance) VALUES (35, 13888.00);
INSERT INTO players (user_id, global_balance) VALUES (36, 9759.00);
INSERT INTO players (user_id, global_balance) VALUES (37, 11843.00);
INSERT INTO players (user_id, global_balance) VALUES (38, 1050.00);
INSERT INTO players (user_id, global_balance) VALUES (39, 12965.00);
INSERT INTO players (user_id, global_balance) VALUES (40, 1607.00);
INSERT INTO players (user_id, global_balance) VALUES (41, 14496.00);
INSERT INTO players (user_id, global_balance) VALUES (42, 6527.00);
INSERT INTO players (user_id, global_balance) VALUES (43, 7728.00);
INSERT INTO players (user_id, global_balance) VALUES (44, 2964.00);
INSERT INTO players (user_id, global_balance) VALUES (45, 6120.00);
INSERT INTO players (user_id, global_balance) VALUES (46, 11280.00);
INSERT INTO players (user_id, global_balance) VALUES (47, 11798.00);
INSERT INTO players (user_id, global_balance) VALUES (48, 10280.00);
INSERT INTO players (user_id, global_balance) VALUES (49, 9051.00);
INSERT INTO players (user_id, global_balance) VALUES (50, 2977.00);
INSERT INTO players (user_id, global_balance) VALUES (51, 6516.00);
INSERT INTO players (user_id, global_balance) VALUES (52, 10785.00);
INSERT INTO players (user_id, global_balance) VALUES (53, 11516.00);
INSERT INTO players (user_id, global_balance) VALUES (54, 14109.00);
INSERT INTO players (user_id, global_balance) VALUES (55, 4052.00);
INSERT INTO players (user_id, global_balance) VALUES (56, 13489.00);
INSERT INTO players (user_id, global_balance) VALUES (57, 6872.00);
INSERT INTO players (user_id, global_balance) VALUES (58, 1384.00);
INSERT INTO players (user_id, global_balance) VALUES (59, 9592.00);
INSERT INTO players (user_id, global_balance) VALUES (60, 3783.00);
INSERT INTO players (user_id, global_balance) VALUES (61, 6782.00);
INSERT INTO players (user_id, global_balance) VALUES (62, 2640.00);
INSERT INTO players (user_id, global_balance) VALUES (63, 2587.00);
INSERT INTO players (user_id, global_balance) VALUES (64, 12505.00);
INSERT INTO players (user_id, global_balance) VALUES (65, 4604.00);
INSERT INTO players (user_id, global_balance) VALUES (66, 9860.00);
INSERT INTO players (user_id, global_balance) VALUES (67, 6230.00);
INSERT INTO players (user_id, global_balance) VALUES (68, 2566.00);
INSERT INTO players (user_id, global_balance) VALUES (69, 8385.00);
INSERT INTO players (user_id, global_balance) VALUES (70, 12682.00);
INSERT INTO players (user_id, global_balance) VALUES (71, 14408.00);
INSERT INTO players (user_id, global_balance) VALUES (72, 2804.00);
INSERT INTO players (user_id, global_balance) VALUES (73, 13277.00);
INSERT INTO players (user_id, global_balance) VALUES (74, 10071.00);
INSERT INTO players (user_id, global_balance) VALUES (75, 6604.00);
INSERT INTO players (user_id, global_balance) VALUES (76, 10063.00);
INSERT INTO players (user_id, global_balance) VALUES (77, 8969.00);
INSERT INTO players (user_id, global_balance) VALUES (78, 9364.00);
INSERT INTO players (user_id, global_balance) VALUES (79, 11445.00);
INSERT INTO players (user_id, global_balance) VALUES (80, 11469.00);
INSERT INTO players (user_id, global_balance) VALUES (81, 12602.00);
INSERT INTO players (user_id, global_balance) VALUES (82, 12892.00);
INSERT INTO players (user_id, global_balance) VALUES (83, 2127.00);
INSERT INTO players (user_id, global_balance) VALUES (84, 7423.00);
INSERT INTO players (user_id, global_balance) VALUES (85, 7733.00);
INSERT INTO players (user_id, global_balance) VALUES (86, 12130.00);
INSERT INTO players (user_id, global_balance) VALUES (87, 8501.00);
INSERT INTO players (user_id, global_balance) VALUES (88, 8617.00);
INSERT INTO players (user_id, global_balance) VALUES (89, 14562.00);
INSERT INTO players (user_id, global_balance) VALUES (90, 14089.00);
INSERT INTO players (user_id, global_balance) VALUES (91, 10277.00);
INSERT INTO players (user_id, global_balance) VALUES (92, 2804.00);
INSERT INTO players (user_id, global_balance) VALUES (93, 12792.00);
INSERT INTO players (user_id, global_balance) VALUES (94, 9137.00);
INSERT INTO players (user_id, global_balance) VALUES (95, 309.00);
INSERT INTO players (user_id, global_balance) VALUES (96, 8305.00);
INSERT INTO players (user_id, global_balance) VALUES (97, 2132.00);
INSERT INTO players (user_id, global_balance) VALUES (98, 14696.00);
INSERT INTO players (user_id, global_balance) VALUES (99, 4223.00);
INSERT INTO players (user_id, global_balance) VALUES (100, 4246.00);
INSERT INTO players (user_id, global_balance) VALUES (101, 1703.00);
INSERT INTO players (user_id, global_balance) VALUES (102, 13669.00);
INSERT INTO players (user_id, global_balance) VALUES (103, 12761.00);
INSERT INTO players (user_id, global_balance) VALUES (104, 12847.00);
INSERT INTO players (user_id, global_balance) VALUES (105, 2403.00);
INSERT INTO players (user_id, global_balance) VALUES (106, 9307.00);
INSERT INTO players (user_id, global_balance) VALUES (107, 4642.00);
INSERT INTO players (user_id, global_balance) VALUES (108, 14593.00);
INSERT INTO players (user_id, global_balance) VALUES (109, 3770.00);
INSERT INTO players (user_id, global_balance) VALUES (110, 12674.00);
INSERT INTO players (user_id, global_balance) VALUES (111, 11980.00);
INSERT INTO players (user_id, global_balance) VALUES (112, 6837.00);
INSERT INTO players (user_id, global_balance) VALUES (113, 7477.00);
INSERT INTO players (user_id, global_balance) VALUES (114, 7697.00);
INSERT INTO players (user_id, global_balance) VALUES (115, 4361.00);
INSERT INTO players (user_id, global_balance) VALUES (116, 1349.00);
INSERT INTO players (user_id, global_balance) VALUES (117, 644.00);
INSERT INTO players (user_id, global_balance) VALUES (118, 9941.00);
INSERT INTO players (user_id, global_balance) VALUES (119, 417.00);
INSERT INTO players (user_id, global_balance) VALUES (120, 11897.00);
INSERT INTO players (user_id, global_balance) VALUES (121, 4050.00);
INSERT INTO players (user_id, global_balance) VALUES (122, 814.00);
INSERT INTO players (user_id, global_balance) VALUES (123, 1460.00);
INSERT INTO players (user_id, global_balance) VALUES (124, 4199.00);
INSERT INTO players (user_id, global_balance) VALUES (125, 11260.00);
INSERT INTO players (user_id, global_balance) VALUES (126, 3810.00);
INSERT INTO players (user_id, global_balance) VALUES (127, 2467.00);
INSERT INTO players (user_id, global_balance) VALUES (128, 4281.00);
INSERT INTO players (user_id, global_balance) VALUES (129, 13530.00);
INSERT INTO players (user_id, global_balance) VALUES (130, 3419.00);
INSERT INTO players (user_id, global_balance) VALUES (131, 1888.00);
INSERT INTO players (user_id, global_balance) VALUES (132, 6104.00);
INSERT INTO players (user_id, global_balance) VALUES (133, 7035.00);
INSERT INTO players (user_id, global_balance) VALUES (134, 14453.00);

-- game_types
INSERT INTO game_types (game_type_id, name, description, rounds_count, max_players, can_join_in_progress, manager_user_id, can_have_tournament, min_local_balance, min_bet, can_leave_without_balance_loss) VALUES (1, 'Pai Gow', 'Юный около левый решение уничтожение самостоятельно еврейский.', 9, 9, FALSE, 7, TRUE, 356.00, 47.00, FALSE);
INSERT INTO game_types (game_type_id, name, description, rounds_count, max_players, can_join_in_progress, manager_user_id, can_have_tournament, min_local_balance, min_bet, can_leave_without_balance_loss) VALUES (2, 'Texas Holdem', 'Подземный изредка социалистический полоска изменение некоторый материя решение порода ломать.', 6, 5, TRUE, 8, TRUE, 376.00, 35.00, TRUE);
INSERT INTO game_types (game_type_id, name, description, rounds_count, max_players, can_join_in_progress, manager_user_id, can_have_tournament, min_local_balance, min_bet, can_leave_without_balance_loss) VALUES (3, 'Slots', 'Боец ведь плод штаб покидать рабочий манера отметить горький неожиданный.', NULL, 11, FALSE, 8, FALSE, 470.00, 34.00, TRUE);
INSERT INTO game_types (game_type_id, name, description, rounds_count, max_players, can_join_in_progress, manager_user_id, can_have_tournament, min_local_balance, min_bet, can_leave_without_balance_loss) VALUES (4, 'Poker', 'Подробность заплакать ночь бабочка хлеб угроза порт заявление.', NULL, 3, TRUE, 5, TRUE, 206.00, 8.00, TRUE);
INSERT INTO game_types (game_type_id, name, description, rounds_count, max_players, can_join_in_progress, manager_user_id, can_have_tournament, min_local_balance, min_bet, can_leave_without_balance_loss) VALUES (5, 'Keno', 'Порядок мягкий советовать инвалид покидать труп увеличиваться.', 4, 12, FALSE, 6, TRUE, 104.00, 43.00, FALSE);
INSERT INTO game_types (game_type_id, name, description, rounds_count, max_players, can_join_in_progress, manager_user_id, can_have_tournament, min_local_balance, min_bet, can_leave_without_balance_loss) VALUES (6, 'Sic Bo', 'Академик природа пространство художественный возникновение упор бровь грудь протягивать.', 7, 4, FALSE, 7, TRUE, 161.00, 49.00, TRUE);
INSERT INTO game_types (game_type_id, name, description, rounds_count, max_players, can_join_in_progress, manager_user_id, can_have_tournament, min_local_balance, min_bet, can_leave_without_balance_loss) VALUES (7, 'Red Dog', 'Пламя освобождение умолять фонарик сынок темнеть освободить.', NULL, 3, TRUE, 8, TRUE, 135.00, 9.00, FALSE);
INSERT INTO game_types (game_type_id, name, description, rounds_count, max_players, can_join_in_progress, manager_user_id, can_have_tournament, min_local_balance, min_bet, can_leave_without_balance_loss) VALUES (8, 'Casino War', 'Потом неправда войти виднеться зима другой инвалид совещание.', 6, 6, TRUE, 7, TRUE, 426.00, 35.00, FALSE);
INSERT INTO game_types (game_type_id, name, description, rounds_count, max_players, can_join_in_progress, manager_user_id, can_have_tournament, min_local_balance, min_bet, can_leave_without_balance_loss) VALUES (9, 'Omaha', 'Постоянный избегать намерение построить скользить ведь добиться палец дорогой.', NULL, 4, FALSE, 4, TRUE, 455.00, 7.00, TRUE);
INSERT INTO game_types (game_type_id, name, description, rounds_count, max_players, can_join_in_progress, manager_user_id, can_have_tournament, min_local_balance, min_bet, can_leave_without_balance_loss) VALUES (10, 'Blackjack', 'Ставить запеть полюбить вытаскивать жить горький пространство ответить печатать изменение.', NULL, 7, TRUE, 6, FALSE, 258.00, 32.00, FALSE);
INSERT INTO game_types (game_type_id, name, description, rounds_count, max_players, can_join_in_progress, manager_user_id, can_have_tournament, min_local_balance, min_bet, can_leave_without_balance_loss) VALUES (11, 'Baccarat', 'Услать пересечь выдержать рабочий лиловый один.', 4, 6, TRUE, 4, TRUE, 170.00, 50.00, TRUE);
INSERT INTO game_types (game_type_id, name, description, rounds_count, max_players, can_join_in_progress, manager_user_id, can_have_tournament, min_local_balance, min_bet, can_leave_without_balance_loss) VALUES (12, 'Roulette', 'Нервно плавно вздрогнуть горький да зато коммунизм.', 5, 10, FALSE, 8, FALSE, 4.00, 8.00, TRUE);

-- tournaments
INSERT INTO tournaments (tournament_id, game_type_id, entry_fee, starts_at, prize_fund) VALUES (1, 4, 209.00, '2026-03-21 12:00:00', 9552.00);
INSERT INTO tournaments (tournament_id, game_type_id, entry_fee, starts_at, prize_fund) VALUES (2, 4, 41.00, '2026-03-07 14:00:00', 5550.00);
INSERT INTO tournaments (tournament_id, game_type_id, entry_fee, starts_at, prize_fund) VALUES (3, 7, 127.00, '2026-01-16 17:00:00', 4588.00);
INSERT INTO tournaments (tournament_id, game_type_id, entry_fee, starts_at, prize_fund) VALUES (4, 2, 228.00, '2026-02-26 00:00:00', 3032.00);
INSERT INTO tournaments (tournament_id, game_type_id, entry_fee, starts_at, prize_fund) VALUES (5, 5, 110.00, '2026-02-01 00:00:00', 7255.00);
INSERT INTO tournaments (tournament_id, game_type_id, entry_fee, starts_at, prize_fund) VALUES (6, 1, 190.00, '2026-02-02 23:00:00', 7245.00);
INSERT INTO tournaments (tournament_id, game_type_id, entry_fee, starts_at, prize_fund) VALUES (7, 5, 75.00, '2026-02-14 14:00:00', 6767.00);
INSERT INTO tournaments (tournament_id, game_type_id, entry_fee, starts_at, prize_fund) VALUES (8, 1, 122.00, '2026-03-12 15:00:00', 8041.00);

-- sessions
INSERT INTO sessions (session_id, game_type_id, moderator_user_id, tournament_id, parent_session_id, description, starts_at, ends_at, prize_fund) VALUES (1, 6, 9, NULL, NULL, 'Предоставить конструкция пол пламя житель один поставить. Ярко полностью отъезд. Костер падаль господь нервно.', '2026-04-17 19:00:00', '2026-04-17 20:37:00', 0.00);
INSERT INTO sessions (session_id, game_type_id, moderator_user_id, tournament_id, parent_session_id, description, starts_at, ends_at, prize_fund) VALUES (2, 11, 9, NULL, NULL, 'Вариант прежний порог бок достоинство. Разуметься кожа нажать мгновение зима темнеть.', '2026-02-22 22:00:00', '2026-02-22 23:51:00', 0.00);
INSERT INTO sessions (session_id, game_type_id, moderator_user_id, tournament_id, parent_session_id, description, starts_at, ends_at, prize_fund) VALUES (3, 5, 14, NULL, 2, 'Равнодушный место более о успокоиться. Еврейский поймать ремень промолчать необычный.', '2026-03-26 04:00:00', '2026-03-26 06:22:00', 0.00);
INSERT INTO sessions (session_id, game_type_id, moderator_user_id, tournament_id, parent_session_id, description, starts_at, ends_at, prize_fund) VALUES (4, 9, 10, NULL, NULL, 'Разуметься ход грудь. Находить народ товар некоторый триста какой кольцо печатать. Призыв совет дьявол чем реклама.', '2026-01-05 15:00:00', '2026-01-05 16:46:00', 0.00);
INSERT INTO sessions (session_id, game_type_id, moderator_user_id, tournament_id, parent_session_id, description, starts_at, ends_at, prize_fund) VALUES (5, 10, 13, NULL, NULL, 'Головка редактор растеряться тяжелый райком тута. Прощение хотеть трясти конструкция.', '2026-02-04 13:00:00', '2026-02-04 14:07:00', 0.00);
INSERT INTO sessions (session_id, game_type_id, moderator_user_id, tournament_id, parent_session_id, description, starts_at, ends_at, prize_fund) VALUES (6, 7, 13, NULL, NULL, 'Мусор мимо мягкий невозможно демократия мусор. Цель интернет изба руководитель командующий крутой поздравлять четко.', '2026-04-05 22:00:00', '2026-04-06 00:31:00', 0.00);
INSERT INTO sessions (session_id, game_type_id, moderator_user_id, tournament_id, parent_session_id, description, starts_at, ends_at, prize_fund) VALUES (7, 9, 11, NULL, 4, 'Иной теория мера премьера горький желание миг крыса. Заявление юный проход оборот.', '2026-02-21 06:00:00', '2026-02-21 07:28:00', 0.00);
INSERT INTO sessions (session_id, game_type_id, moderator_user_id, tournament_id, parent_session_id, description, starts_at, ends_at, prize_fund) VALUES (8, 1, 14, NULL, NULL, 'Снимать анализ заработать аллея. Висеть новый прежний академик постоянный потом анализ изучить.', '2026-01-03 04:00:00', '2026-01-03 06:57:00', 0.00);
INSERT INTO sessions (session_id, game_type_id, moderator_user_id, tournament_id, parent_session_id, description, starts_at, ends_at, prize_fund) VALUES (9, 12, 12, NULL, NULL, 'Парень ныне спешить невыносимый трясти грустный некоторый очутиться. Карман холодно изучить рот развитый.', '2026-04-06 18:00:00', '2026-04-06 20:13:00', 0.00);
INSERT INTO sessions (session_id, game_type_id, moderator_user_id, tournament_id, parent_session_id, description, starts_at, ends_at, prize_fund) VALUES (10, 2, 14, NULL, NULL, 'Волк девка дальний угроза пол господь. Правление волк горький коллектив еврейский. Миф валюта висеть кидать.', '2026-03-22 22:00:00', '2026-03-22 23:11:00', 0.00);
INSERT INTO sessions (session_id, game_type_id, moderator_user_id, tournament_id, parent_session_id, description, starts_at, ends_at, prize_fund) VALUES (11, 5, 12, NULL, 4, 'Войти пища очутиться смеяться карандаш исследование. Тута смертельный зарплата носок сохранять при.', '2026-03-29 01:00:00', '2026-03-29 03:03:00', 0.00);
INSERT INTO sessions (session_id, game_type_id, moderator_user_id, tournament_id, parent_session_id, description, starts_at, ends_at, prize_fund) VALUES (12, 12, 10, NULL, NULL, 'Отметить освобождение ведь спорт деловой смеяться. Мимо граница крутой болото социалистический через призыв.', '2026-02-09 05:00:00', '2026-02-09 06:12:00', 0.00);
INSERT INTO sessions (session_id, game_type_id, moderator_user_id, tournament_id, parent_session_id, description, starts_at, ends_at, prize_fund) VALUES (13, 7, 12, NULL, NULL, 'Упор жить адвокат перебивать. Казнь мгновение непривычный ботинок.
Тута угол мимо кпсс.', '2026-03-29 17:00:00', '2026-03-29 18:57:00', 0.00);
INSERT INTO sessions (session_id, game_type_id, moderator_user_id, tournament_id, parent_session_id, description, starts_at, ends_at, prize_fund) VALUES (14, 9, 12, NULL, 1, 'Запеть построить район палата салон запеть. Порог выдержать палец правильный. Коробка поставить вряд лететь.', '2026-02-09 21:00:00', '2026-02-09 22:33:00', 0.00);
INSERT INTO sessions (session_id, game_type_id, moderator_user_id, tournament_id, parent_session_id, description, starts_at, ends_at, prize_fund) VALUES (15, 10, 12, NULL, NULL, 'Прелесть демократия жить каюта шлем идея девка. Издали непривычный человечек сходить правление хлеб указанный.', '2026-03-21 08:00:00', '2026-03-21 10:02:00', 0.00);
INSERT INTO sessions (session_id, game_type_id, moderator_user_id, tournament_id, parent_session_id, description, starts_at, ends_at, prize_fund) VALUES (16, 8, 12, NULL, NULL, 'Задрать изредка вообще упорно. Услать задержать услать возможно.
Госпожа функция покинуть космос.', '2026-03-29 18:00:00', '2026-03-29 20:50:00', 0.00);
INSERT INTO sessions (session_id, game_type_id, moderator_user_id, tournament_id, parent_session_id, description, starts_at, ends_at, prize_fund) VALUES (17, 12, 13, NULL, NULL, 'Предоставить недостаток космос выкинуть тесно. Естественный лететь поговорить дрогнуть премьера.', '2026-01-23 14:00:00', '2026-01-23 15:52:00', 0.00);
INSERT INTO sessions (session_id, game_type_id, moderator_user_id, tournament_id, parent_session_id, description, starts_at, ends_at, prize_fund) VALUES (18, 11, 10, NULL, 14, 'Одиннадцать рис пропаганда нажать советовать. Изредка фонарик слать присесть. Пропаганда актриса скользить заведение.', '2026-01-13 19:00:00', '2026-01-13 20:59:00', 0.00);
INSERT INTO sessions (session_id, game_type_id, moderator_user_id, tournament_id, parent_session_id, description, starts_at, ends_at, prize_fund) VALUES (19, 4, 13, 1, NULL, 'Спорт выкинуть слишком носок угроза. Нажать бетонный смелый неправда умолять разнообразный парень.', '2026-01-07 19:00:00', '2026-01-07 21:41:00', 298.00);
INSERT INTO sessions (session_id, game_type_id, moderator_user_id, tournament_id, parent_session_id, description, starts_at, ends_at, prize_fund) VALUES (20, 8, 14, NULL, NULL, 'Помолчать вперед жестокий передо актриса растеряться. Висеть валюта бегать господь полностью костер.', '2026-04-26 08:00:00', '2026-04-26 09:29:00', 0.00);
INSERT INTO sessions (session_id, game_type_id, moderator_user_id, tournament_id, parent_session_id, description, starts_at, ends_at, prize_fund) VALUES (21, 12, 10, NULL, NULL, 'Стакан ночь зима рассуждение упорно костер заявление. Вывести головной конференция. Кожа тута налево.', '2026-02-21 03:00:00', '2026-02-21 05:22:00', 0.00);
INSERT INTO sessions (session_id, game_type_id, moderator_user_id, tournament_id, parent_session_id, description, starts_at, ends_at, prize_fund) VALUES (22, 3, 12, NULL, NULL, 'Роса угроза упор радость наслаждение. Триста некоторый крыса вздрогнуть уронить да.', '2026-03-26 12:00:00', '2026-03-26 13:07:00', 0.00);
INSERT INTO sessions (session_id, game_type_id, moderator_user_id, tournament_id, parent_session_id, description, starts_at, ends_at, prize_fund) VALUES (23, 4, 9, 2, NULL, 'Потом уронить вздрагивать механический ребятишки вообще поймать.', '2026-01-09 05:00:00', '2026-01-09 06:43:00', 1869.00);
INSERT INTO sessions (session_id, game_type_id, moderator_user_id, tournament_id, parent_session_id, description, starts_at, ends_at, prize_fund) VALUES (24, 3, 13, NULL, NULL, 'Валюта поговорить жестокий забирать. Горький собеседник военный. Заявление командование провал.', '2026-04-15 02:00:00', '2026-04-15 04:55:00', 0.00);
INSERT INTO sessions (session_id, game_type_id, moderator_user_id, tournament_id, parent_session_id, description, starts_at, ends_at, prize_fund) VALUES (25, 10, 12, NULL, NULL, 'Ремень вздрагивать задрать бабочка демократия некоторый более. Господь кожа разуметься темнеть.', '2026-02-12 02:00:00', '2026-02-12 04:49:00', 0.00);
INSERT INTO sessions (session_id, game_type_id, moderator_user_id, tournament_id, parent_session_id, description, starts_at, ends_at, prize_fund) VALUES (26, 9, 12, NULL, NULL, 'Четко болото мусор. Прежний бровь прежде спичка опасность крыса.', '2026-04-26 17:00:00', '2026-04-26 19:41:00', 0.00);
INSERT INTO sessions (session_id, game_type_id, moderator_user_id, tournament_id, parent_session_id, description, starts_at, ends_at, prize_fund) VALUES (27, 5, 14, 7, NULL, 'Смеяться висеть сохранять какой. Сынок сохранять миллиард.', '2026-04-11 04:00:00', '2026-04-11 06:44:00', 979.00);
INSERT INTO sessions (session_id, game_type_id, moderator_user_id, tournament_id, parent_session_id, description, starts_at, ends_at, prize_fund) VALUES (28, 5, 11, NULL, NULL, 'Интеллектуальный поколение хотеть вообще каюта. Миг конструкция освободить торговля. Четыре порода а провинция.', '2026-01-11 21:00:00', '2026-01-11 22:40:00', 0.00);
INSERT INTO sessions (session_id, game_type_id, moderator_user_id, tournament_id, parent_session_id, description, starts_at, ends_at, prize_fund) VALUES (29, 6, 10, NULL, NULL, 'Труп четко граница порядок ставить. Смеяться неправда нервно степь коричневый смертельный развернуться.', '2026-04-27 05:00:00', '2026-04-27 06:00:00', 0.00);
INSERT INTO sessions (session_id, game_type_id, moderator_user_id, tournament_id, parent_session_id, description, starts_at, ends_at, prize_fund) VALUES (30, 3, 14, NULL, NULL, 'Сомнительный юный смеяться пространство разуметься потом снимать. Зато багровый актриса функция поставить нож девка.', '2026-02-01 00:00:00', '2026-02-01 01:19:00', 0.00);

-- rounds
INSERT INTO rounds (round_id, session_id, round_number, starts_at, ends_at) VALUES (1, 1, 1, '2026-04-17 19:00:00', '2026-04-17 19:20:00');
INSERT INTO rounds (round_id, session_id, round_number, starts_at, ends_at) VALUES (2, 1, 2, '2026-04-17 19:25:00', '2026-04-17 19:44:00');
INSERT INTO rounds (round_id, session_id, round_number, starts_at, ends_at) VALUES (3, 1, 3, '2026-04-17 19:45:00', '2026-04-17 20:05:00');
INSERT INTO rounds (round_id, session_id, round_number, starts_at, ends_at) VALUES (4, 1, 4, '2026-04-17 20:10:00', '2026-04-17 20:24:00');
INSERT INTO rounds (round_id, session_id, round_number, starts_at, ends_at) VALUES (5, 1, 5, '2026-04-17 20:28:00', '2026-04-17 20:36:00');
INSERT INTO rounds (round_id, session_id, round_number, starts_at, ends_at) VALUES (6, 1, 6, '2026-04-17 20:39:00', '2026-04-17 20:51:00');
INSERT INTO rounds (round_id, session_id, round_number, starts_at, ends_at) VALUES (7, 2, 1, '2026-02-22 22:00:00', '2026-02-22 22:16:00');
INSERT INTO rounds (round_id, session_id, round_number, starts_at, ends_at) VALUES (8, 2, 2, '2026-02-22 22:21:00', '2026-02-22 22:41:00');
INSERT INTO rounds (round_id, session_id, round_number, starts_at, ends_at) VALUES (9, 2, 3, '2026-02-22 22:46:00', '2026-02-22 22:57:00');
INSERT INTO rounds (round_id, session_id, round_number, starts_at, ends_at) VALUES (10, 2, 4, '2026-02-22 23:01:00', '2026-02-22 23:12:00');
INSERT INTO rounds (round_id, session_id, round_number, starts_at, ends_at) VALUES (11, 2, 5, '2026-02-22 23:15:00', '2026-02-22 23:29:00');
INSERT INTO rounds (round_id, session_id, round_number, starts_at, ends_at) VALUES (12, 2, 6, '2026-02-22 23:33:00', '2026-02-22 23:41:00');
INSERT INTO rounds (round_id, session_id, round_number, starts_at, ends_at) VALUES (13, 3, 1, '2026-03-26 04:00:00', '2026-03-26 04:18:00');
INSERT INTO rounds (round_id, session_id, round_number, starts_at, ends_at) VALUES (14, 3, 2, '2026-03-26 04:22:00', '2026-03-26 04:41:00');
INSERT INTO rounds (round_id, session_id, round_number, starts_at, ends_at) VALUES (15, 3, 3, '2026-03-26 04:43:00', '2026-03-26 04:58:00');
INSERT INTO rounds (round_id, session_id, round_number, starts_at, ends_at) VALUES (16, 3, 4, '2026-03-26 05:00:00', '2026-03-26 05:17:00');
INSERT INTO rounds (round_id, session_id, round_number, starts_at, ends_at) VALUES (17, 3, 5, '2026-03-26 05:22:00', '2026-03-26 05:30:00');
INSERT INTO rounds (round_id, session_id, round_number, starts_at, ends_at) VALUES (18, 4, 1, '2026-01-05 15:00:00', '2026-01-05 15:17:00');
INSERT INTO rounds (round_id, session_id, round_number, starts_at, ends_at) VALUES (19, 4, 2, '2026-01-05 15:18:00', '2026-01-05 15:27:00');
INSERT INTO rounds (round_id, session_id, round_number, starts_at, ends_at) VALUES (20, 4, 3, '2026-01-05 15:31:00', '2026-01-05 15:41:00');
INSERT INTO rounds (round_id, session_id, round_number, starts_at, ends_at) VALUES (21, 4, 4, '2026-01-05 15:45:00', '2026-01-05 15:55:00');
INSERT INTO rounds (round_id, session_id, round_number, starts_at, ends_at) VALUES (22, 4, 5, '2026-01-05 15:56:00', '2026-01-05 16:08:00');
INSERT INTO rounds (round_id, session_id, round_number, starts_at, ends_at) VALUES (23, 4, 6, '2026-01-05 16:12:00', '2026-01-05 16:25:00');
INSERT INTO rounds (round_id, session_id, round_number, starts_at, ends_at) VALUES (24, 4, 7, '2026-01-05 16:27:00', '2026-01-05 16:42:00');
INSERT INTO rounds (round_id, session_id, round_number, starts_at, ends_at) VALUES (25, 5, 1, '2026-02-04 13:00:00', '2026-02-04 13:20:00');
INSERT INTO rounds (round_id, session_id, round_number, starts_at, ends_at) VALUES (26, 5, 2, '2026-02-04 13:24:00', '2026-02-04 13:36:00');
INSERT INTO rounds (round_id, session_id, round_number, starts_at, ends_at) VALUES (27, 5, 3, '2026-02-04 13:40:00', '2026-02-04 13:52:00');
INSERT INTO rounds (round_id, session_id, round_number, starts_at, ends_at) VALUES (28, 5, 4, '2026-02-04 13:53:00', '2026-02-04 14:08:00');
INSERT INTO rounds (round_id, session_id, round_number, starts_at, ends_at) VALUES (29, 5, 5, '2026-02-04 14:09:00', '2026-02-04 14:28:00');
INSERT INTO rounds (round_id, session_id, round_number, starts_at, ends_at) VALUES (30, 6, 1, '2026-04-05 22:00:00', '2026-04-05 22:13:00');
INSERT INTO rounds (round_id, session_id, round_number, starts_at, ends_at) VALUES (31, 6, 2, '2026-04-05 22:15:00', '2026-04-05 22:33:00');
INSERT INTO rounds (round_id, session_id, round_number, starts_at, ends_at) VALUES (32, 6, 3, '2026-04-05 22:34:00', '2026-04-05 22:54:00');
INSERT INTO rounds (round_id, session_id, round_number, starts_at, ends_at) VALUES (33, 7, 1, '2026-02-21 06:00:00', '2026-02-21 06:11:00');
INSERT INTO rounds (round_id, session_id, round_number, starts_at, ends_at) VALUES (34, 7, 2, '2026-02-21 06:13:00', '2026-02-21 06:21:00');
INSERT INTO rounds (round_id, session_id, round_number, starts_at, ends_at) VALUES (35, 7, 3, '2026-02-21 06:26:00', '2026-02-21 06:36:00');
INSERT INTO rounds (round_id, session_id, round_number, starts_at, ends_at) VALUES (36, 8, 1, '2026-01-03 04:00:00', '2026-01-03 04:15:00');
INSERT INTO rounds (round_id, session_id, round_number, starts_at, ends_at) VALUES (37, 8, 2, '2026-01-03 04:16:00', '2026-01-03 04:33:00');
INSERT INTO rounds (round_id, session_id, round_number, starts_at, ends_at) VALUES (38, 8, 3, '2026-01-03 04:35:00', '2026-01-03 04:50:00');
INSERT INTO rounds (round_id, session_id, round_number, starts_at, ends_at) VALUES (39, 8, 4, '2026-01-03 04:53:00', '2026-01-03 05:13:00');
INSERT INTO rounds (round_id, session_id, round_number, starts_at, ends_at) VALUES (40, 9, 1, '2026-04-06 18:00:00', '2026-04-06 18:17:00');
INSERT INTO rounds (round_id, session_id, round_number, starts_at, ends_at) VALUES (41, 9, 2, '2026-04-06 18:22:00', '2026-04-06 18:41:00');
INSERT INTO rounds (round_id, session_id, round_number, starts_at, ends_at) VALUES (42, 9, 3, '2026-04-06 18:42:00', '2026-04-06 19:02:00');
INSERT INTO rounds (round_id, session_id, round_number, starts_at, ends_at) VALUES (43, 9, 4, '2026-04-06 19:04:00', '2026-04-06 19:16:00');
INSERT INTO rounds (round_id, session_id, round_number, starts_at, ends_at) VALUES (44, 10, 1, '2026-03-22 22:00:00', '2026-03-22 22:08:00');
INSERT INTO rounds (round_id, session_id, round_number, starts_at, ends_at) VALUES (45, 10, 2, '2026-03-22 22:11:00', '2026-03-22 22:28:00');
INSERT INTO rounds (round_id, session_id, round_number, starts_at, ends_at) VALUES (46, 10, 3, '2026-03-22 22:32:00', '2026-03-22 22:46:00');
INSERT INTO rounds (round_id, session_id, round_number, starts_at, ends_at) VALUES (47, 10, 4, '2026-03-22 22:48:00', '2026-03-22 22:57:00');
INSERT INTO rounds (round_id, session_id, round_number, starts_at, ends_at) VALUES (48, 10, 5, '2026-03-22 23:02:00', '2026-03-22 23:21:00');
INSERT INTO rounds (round_id, session_id, round_number, starts_at, ends_at) VALUES (49, 10, 6, '2026-03-22 23:23:00', '2026-03-22 23:32:00');
INSERT INTO rounds (round_id, session_id, round_number, starts_at, ends_at) VALUES (50, 10, 7, '2026-03-22 23:35:00', '2026-03-22 23:53:00');
INSERT INTO rounds (round_id, session_id, round_number, starts_at, ends_at) VALUES (51, 11, 1, '2026-03-29 01:00:00', '2026-03-29 01:20:00');
INSERT INTO rounds (round_id, session_id, round_number, starts_at, ends_at) VALUES (52, 11, 2, '2026-03-29 01:25:00', '2026-03-29 01:45:00');
INSERT INTO rounds (round_id, session_id, round_number, starts_at, ends_at) VALUES (53, 11, 3, '2026-03-29 01:46:00', '2026-03-29 01:59:00');
INSERT INTO rounds (round_id, session_id, round_number, starts_at, ends_at) VALUES (54, 12, 1, '2026-02-09 05:00:00', '2026-02-09 05:18:00');
INSERT INTO rounds (round_id, session_id, round_number, starts_at, ends_at) VALUES (55, 12, 2, '2026-02-09 05:21:00', '2026-02-09 05:30:00');
INSERT INTO rounds (round_id, session_id, round_number, starts_at, ends_at) VALUES (56, 12, 3, '2026-02-09 05:35:00', '2026-02-09 05:53:00');
INSERT INTO rounds (round_id, session_id, round_number, starts_at, ends_at) VALUES (57, 12, 4, '2026-02-09 05:56:00', '2026-02-09 06:04:00');
INSERT INTO rounds (round_id, session_id, round_number, starts_at, ends_at) VALUES (58, 12, 5, '2026-02-09 06:08:00', '2026-02-09 06:23:00');
INSERT INTO rounds (round_id, session_id, round_number, starts_at, ends_at) VALUES (59, 12, 6, '2026-02-09 06:24:00', '2026-02-09 06:38:00');
INSERT INTO rounds (round_id, session_id, round_number, starts_at, ends_at) VALUES (60, 13, 1, '2026-03-29 17:00:00', '2026-03-29 17:15:00');
INSERT INTO rounds (round_id, session_id, round_number, starts_at, ends_at) VALUES (61, 13, 2, '2026-03-29 17:17:00', '2026-03-29 17:31:00');
INSERT INTO rounds (round_id, session_id, round_number, starts_at, ends_at) VALUES (62, 13, 3, '2026-03-29 17:33:00', '2026-03-29 17:52:00');
INSERT INTO rounds (round_id, session_id, round_number, starts_at, ends_at) VALUES (63, 13, 4, '2026-03-29 17:57:00', '2026-03-29 18:15:00');
INSERT INTO rounds (round_id, session_id, round_number, starts_at, ends_at) VALUES (64, 13, 5, '2026-03-29 18:18:00', '2026-03-29 18:35:00');
INSERT INTO rounds (round_id, session_id, round_number, starts_at, ends_at) VALUES (65, 13, 6, '2026-03-29 18:40:00', '2026-03-29 19:00:00');
INSERT INTO rounds (round_id, session_id, round_number, starts_at, ends_at) VALUES (66, 13, 7, '2026-03-29 19:04:00', '2026-03-29 19:19:00');
INSERT INTO rounds (round_id, session_id, round_number, starts_at, ends_at) VALUES (67, 13, 8, '2026-03-29 19:23:00', '2026-03-29 19:42:00');
INSERT INTO rounds (round_id, session_id, round_number, starts_at, ends_at) VALUES (68, 14, 1, '2026-02-09 21:00:00', '2026-02-09 21:13:00');
INSERT INTO rounds (round_id, session_id, round_number, starts_at, ends_at) VALUES (69, 14, 2, '2026-02-09 21:15:00', '2026-02-09 21:24:00');
INSERT INTO rounds (round_id, session_id, round_number, starts_at, ends_at) VALUES (70, 14, 3, '2026-02-09 21:27:00', '2026-02-09 21:42:00');
INSERT INTO rounds (round_id, session_id, round_number, starts_at, ends_at) VALUES (71, 14, 4, '2026-02-09 21:44:00', '2026-02-09 22:04:00');
INSERT INTO rounds (round_id, session_id, round_number, starts_at, ends_at) VALUES (72, 14, 5, '2026-02-09 22:08:00', '2026-02-09 22:25:00');
INSERT INTO rounds (round_id, session_id, round_number, starts_at, ends_at) VALUES (73, 15, 1, '2026-03-21 08:00:00', '2026-03-21 08:14:00');
INSERT INTO rounds (round_id, session_id, round_number, starts_at, ends_at) VALUES (74, 15, 2, '2026-03-21 08:17:00', '2026-03-21 08:25:00');
INSERT INTO rounds (round_id, session_id, round_number, starts_at, ends_at) VALUES (75, 15, 3, '2026-03-21 08:29:00', '2026-03-21 08:42:00');
INSERT INTO rounds (round_id, session_id, round_number, starts_at, ends_at) VALUES (76, 15, 4, '2026-03-21 08:44:00', '2026-03-21 08:59:00');
INSERT INTO rounds (round_id, session_id, round_number, starts_at, ends_at) VALUES (77, 15, 5, '2026-03-21 09:01:00', '2026-03-21 09:14:00');
INSERT INTO rounds (round_id, session_id, round_number, starts_at, ends_at) VALUES (78, 15, 6, '2026-03-21 09:17:00', '2026-03-21 09:30:00');
INSERT INTO rounds (round_id, session_id, round_number, starts_at, ends_at) VALUES (79, 15, 7, '2026-03-21 09:33:00', '2026-03-21 09:50:00');
INSERT INTO rounds (round_id, session_id, round_number, starts_at, ends_at) VALUES (80, 15, 8, '2026-03-21 09:53:00', '2026-03-21 10:09:00');
INSERT INTO rounds (round_id, session_id, round_number, starts_at, ends_at) VALUES (81, 16, 1, '2026-03-29 18:00:00', '2026-03-29 18:11:00');
INSERT INTO rounds (round_id, session_id, round_number, starts_at, ends_at) VALUES (82, 16, 2, '2026-03-29 18:12:00', '2026-03-29 18:23:00');
INSERT INTO rounds (round_id, session_id, round_number, starts_at, ends_at) VALUES (83, 16, 3, '2026-03-29 18:27:00', '2026-03-29 18:42:00');
INSERT INTO rounds (round_id, session_id, round_number, starts_at, ends_at) VALUES (84, 16, 4, '2026-03-29 18:47:00', '2026-03-29 19:07:00');
INSERT INTO rounds (round_id, session_id, round_number, starts_at, ends_at) VALUES (85, 16, 5, '2026-03-29 19:09:00', '2026-03-29 19:28:00');
INSERT INTO rounds (round_id, session_id, round_number, starts_at, ends_at) VALUES (86, 16, 6, '2026-03-29 19:32:00', '2026-03-29 19:50:00');
INSERT INTO rounds (round_id, session_id, round_number, starts_at, ends_at) VALUES (87, 16, 7, '2026-03-29 19:54:00', '2026-03-29 20:09:00');
INSERT INTO rounds (round_id, session_id, round_number, starts_at, ends_at) VALUES (88, 17, 1, '2026-01-23 14:00:00', '2026-01-23 14:12:00');
INSERT INTO rounds (round_id, session_id, round_number, starts_at, ends_at) VALUES (89, 17, 2, '2026-01-23 14:14:00', '2026-01-23 14:28:00');
INSERT INTO rounds (round_id, session_id, round_number, starts_at, ends_at) VALUES (90, 17, 3, '2026-01-23 14:30:00', '2026-01-23 14:42:00');
INSERT INTO rounds (round_id, session_id, round_number, starts_at, ends_at) VALUES (91, 18, 1, '2026-01-13 19:00:00', '2026-01-13 19:15:00');
INSERT INTO rounds (round_id, session_id, round_number, starts_at, ends_at) VALUES (92, 18, 2, '2026-01-13 19:20:00', '2026-01-13 19:36:00');
INSERT INTO rounds (round_id, session_id, round_number, starts_at, ends_at) VALUES (93, 18, 3, '2026-01-13 19:39:00', '2026-01-13 19:53:00');
INSERT INTO rounds (round_id, session_id, round_number, starts_at, ends_at) VALUES (94, 18, 4, '2026-01-13 19:58:00', '2026-01-13 20:11:00');
INSERT INTO rounds (round_id, session_id, round_number, starts_at, ends_at) VALUES (95, 18, 5, '2026-01-13 20:14:00', '2026-01-13 20:33:00');
INSERT INTO rounds (round_id, session_id, round_number, starts_at, ends_at) VALUES (96, 19, 1, '2026-01-07 19:00:00', '2026-01-07 19:12:00');
INSERT INTO rounds (round_id, session_id, round_number, starts_at, ends_at) VALUES (97, 19, 2, '2026-01-07 19:15:00', '2026-01-07 19:26:00');
INSERT INTO rounds (round_id, session_id, round_number, starts_at, ends_at) VALUES (98, 19, 3, '2026-01-07 19:27:00', '2026-01-07 19:46:00');
INSERT INTO rounds (round_id, session_id, round_number, starts_at, ends_at) VALUES (99, 19, 4, '2026-01-07 19:48:00', '2026-01-07 20:01:00');
INSERT INTO rounds (round_id, session_id, round_number, starts_at, ends_at) VALUES (100, 19, 5, '2026-01-07 20:02:00', '2026-01-07 20:21:00');
INSERT INTO rounds (round_id, session_id, round_number, starts_at, ends_at) VALUES (101, 20, 1, '2026-04-26 08:00:00', '2026-04-26 08:10:00');
INSERT INTO rounds (round_id, session_id, round_number, starts_at, ends_at) VALUES (102, 20, 2, '2026-04-26 08:12:00', '2026-04-26 08:23:00');
INSERT INTO rounds (round_id, session_id, round_number, starts_at, ends_at) VALUES (103, 20, 3, '2026-04-26 08:27:00', '2026-04-26 08:39:00');
INSERT INTO rounds (round_id, session_id, round_number, starts_at, ends_at) VALUES (104, 20, 4, '2026-04-26 08:44:00', '2026-04-26 09:04:00');
INSERT INTO rounds (round_id, session_id, round_number, starts_at, ends_at) VALUES (105, 20, 5, '2026-04-26 09:09:00', '2026-04-26 09:26:00');
INSERT INTO rounds (round_id, session_id, round_number, starts_at, ends_at) VALUES (106, 20, 6, '2026-04-26 09:29:00', '2026-04-26 09:38:00');
INSERT INTO rounds (round_id, session_id, round_number, starts_at, ends_at) VALUES (107, 20, 7, '2026-04-26 09:40:00', '2026-04-26 09:52:00');
INSERT INTO rounds (round_id, session_id, round_number, starts_at, ends_at) VALUES (108, 20, 8, '2026-04-26 09:54:00', '2026-04-26 10:07:00');
INSERT INTO rounds (round_id, session_id, round_number, starts_at, ends_at) VALUES (109, 21, 1, '2026-02-21 03:00:00', '2026-02-21 03:08:00');
INSERT INTO rounds (round_id, session_id, round_number, starts_at, ends_at) VALUES (110, 21, 2, '2026-02-21 03:13:00', '2026-02-21 03:23:00');
INSERT INTO rounds (round_id, session_id, round_number, starts_at, ends_at) VALUES (111, 21, 3, '2026-02-21 03:26:00', '2026-02-21 03:34:00');
INSERT INTO rounds (round_id, session_id, round_number, starts_at, ends_at) VALUES (112, 21, 4, '2026-02-21 03:35:00', '2026-02-21 03:51:00');
INSERT INTO rounds (round_id, session_id, round_number, starts_at, ends_at) VALUES (113, 21, 5, '2026-02-21 03:54:00', '2026-02-21 04:13:00');
INSERT INTO rounds (round_id, session_id, round_number, starts_at, ends_at) VALUES (114, 22, 1, '2026-03-26 12:00:00', '2026-03-26 12:20:00');
INSERT INTO rounds (round_id, session_id, round_number, starts_at, ends_at) VALUES (115, 22, 2, '2026-03-26 12:24:00', '2026-03-26 12:33:00');
INSERT INTO rounds (round_id, session_id, round_number, starts_at, ends_at) VALUES (116, 22, 3, '2026-03-26 12:34:00', '2026-03-26 12:51:00');
INSERT INTO rounds (round_id, session_id, round_number, starts_at, ends_at) VALUES (117, 22, 4, '2026-03-26 12:54:00', '2026-03-26 13:09:00');
INSERT INTO rounds (round_id, session_id, round_number, starts_at, ends_at) VALUES (118, 22, 5, '2026-03-26 13:13:00', '2026-03-26 13:28:00');
INSERT INTO rounds (round_id, session_id, round_number, starts_at, ends_at) VALUES (119, 22, 6, '2026-03-26 13:31:00', '2026-03-26 13:41:00');
INSERT INTO rounds (round_id, session_id, round_number, starts_at, ends_at) VALUES (120, 22, 7, '2026-03-26 13:42:00', '2026-03-26 13:54:00');
INSERT INTO rounds (round_id, session_id, round_number, starts_at, ends_at) VALUES (121, 22, 8, '2026-03-26 13:58:00', '2026-03-26 14:07:00');
INSERT INTO rounds (round_id, session_id, round_number, starts_at, ends_at) VALUES (122, 23, 1, '2026-01-09 05:00:00', '2026-01-09 05:15:00');
INSERT INTO rounds (round_id, session_id, round_number, starts_at, ends_at) VALUES (123, 23, 2, '2026-01-09 05:16:00', '2026-01-09 05:33:00');
INSERT INTO rounds (round_id, session_id, round_number, starts_at, ends_at) VALUES (124, 23, 3, '2026-01-09 05:34:00', '2026-01-09 05:44:00');
INSERT INTO rounds (round_id, session_id, round_number, starts_at, ends_at) VALUES (125, 23, 4, '2026-01-09 05:46:00', '2026-01-09 06:06:00');
INSERT INTO rounds (round_id, session_id, round_number, starts_at, ends_at) VALUES (126, 23, 5, '2026-01-09 06:11:00', '2026-01-09 06:23:00');
INSERT INTO rounds (round_id, session_id, round_number, starts_at, ends_at) VALUES (127, 23, 6, '2026-01-09 06:24:00', '2026-01-09 06:35:00');
INSERT INTO rounds (round_id, session_id, round_number, starts_at, ends_at) VALUES (128, 24, 1, '2026-04-15 02:00:00', '2026-04-15 02:20:00');
INSERT INTO rounds (round_id, session_id, round_number, starts_at, ends_at) VALUES (129, 24, 2, '2026-04-15 02:24:00', '2026-04-15 02:41:00');
INSERT INTO rounds (round_id, session_id, round_number, starts_at, ends_at) VALUES (130, 24, 3, '2026-04-15 02:46:00', '2026-04-15 03:06:00');
INSERT INTO rounds (round_id, session_id, round_number, starts_at, ends_at) VALUES (131, 24, 4, '2026-04-15 03:11:00', '2026-04-15 03:22:00');
INSERT INTO rounds (round_id, session_id, round_number, starts_at, ends_at) VALUES (132, 24, 5, '2026-04-15 03:27:00', '2026-04-15 03:41:00');
INSERT INTO rounds (round_id, session_id, round_number, starts_at, ends_at) VALUES (133, 24, 6, '2026-04-15 03:45:00', '2026-04-15 04:00:00');
INSERT INTO rounds (round_id, session_id, round_number, starts_at, ends_at) VALUES (134, 24, 7, '2026-04-15 04:03:00', '2026-04-15 04:20:00');
INSERT INTO rounds (round_id, session_id, round_number, starts_at, ends_at) VALUES (135, 25, 1, '2026-02-12 02:00:00', '2026-02-12 02:17:00');
INSERT INTO rounds (round_id, session_id, round_number, starts_at, ends_at) VALUES (136, 25, 2, '2026-02-12 02:22:00', '2026-02-12 02:30:00');
INSERT INTO rounds (round_id, session_id, round_number, starts_at, ends_at) VALUES (137, 25, 3, '2026-02-12 02:35:00', '2026-02-12 02:54:00');
INSERT INTO rounds (round_id, session_id, round_number, starts_at, ends_at) VALUES (138, 25, 4, '2026-02-12 02:55:00', '2026-02-12 03:15:00');
INSERT INTO rounds (round_id, session_id, round_number, starts_at, ends_at) VALUES (139, 25, 5, '2026-02-12 03:17:00', '2026-02-12 03:35:00');
INSERT INTO rounds (round_id, session_id, round_number, starts_at, ends_at) VALUES (140, 26, 1, '2026-04-26 17:00:00', '2026-04-26 17:18:00');
INSERT INTO rounds (round_id, session_id, round_number, starts_at, ends_at) VALUES (141, 26, 2, '2026-04-26 17:19:00', '2026-04-26 17:29:00');
INSERT INTO rounds (round_id, session_id, round_number, starts_at, ends_at) VALUES (142, 26, 3, '2026-04-26 17:31:00', '2026-04-26 17:41:00');
INSERT INTO rounds (round_id, session_id, round_number, starts_at, ends_at) VALUES (143, 26, 4, '2026-04-26 17:46:00', '2026-04-26 17:55:00');
INSERT INTO rounds (round_id, session_id, round_number, starts_at, ends_at) VALUES (144, 26, 5, '2026-04-26 17:57:00', '2026-04-26 18:05:00');
INSERT INTO rounds (round_id, session_id, round_number, starts_at, ends_at) VALUES (145, 27, 1, '2026-04-11 04:00:00', '2026-04-11 04:19:00');
INSERT INTO rounds (round_id, session_id, round_number, starts_at, ends_at) VALUES (146, 27, 2, '2026-04-11 04:24:00', '2026-04-11 04:39:00');
INSERT INTO rounds (round_id, session_id, round_number, starts_at, ends_at) VALUES (147, 27, 3, '2026-04-11 04:42:00', '2026-04-11 04:50:00');
INSERT INTO rounds (round_id, session_id, round_number, starts_at, ends_at) VALUES (148, 27, 4, '2026-04-11 04:52:00', '2026-04-11 05:04:00');
INSERT INTO rounds (round_id, session_id, round_number, starts_at, ends_at) VALUES (149, 27, 5, '2026-04-11 05:07:00', '2026-04-11 05:26:00');
INSERT INTO rounds (round_id, session_id, round_number, starts_at, ends_at) VALUES (150, 27, 6, '2026-04-11 05:30:00', '2026-04-11 05:39:00');
INSERT INTO rounds (round_id, session_id, round_number, starts_at, ends_at) VALUES (151, 28, 1, '2026-01-11 21:00:00', '2026-01-11 21:20:00');
INSERT INTO rounds (round_id, session_id, round_number, starts_at, ends_at) VALUES (152, 28, 2, '2026-01-11 21:25:00', '2026-01-11 21:43:00');
INSERT INTO rounds (round_id, session_id, round_number, starts_at, ends_at) VALUES (153, 28, 3, '2026-01-11 21:45:00', '2026-01-11 21:59:00');
INSERT INTO rounds (round_id, session_id, round_number, starts_at, ends_at) VALUES (154, 28, 4, '2026-01-11 22:00:00', '2026-01-11 22:16:00');
INSERT INTO rounds (round_id, session_id, round_number, starts_at, ends_at) VALUES (155, 28, 5, '2026-01-11 22:18:00', '2026-01-11 22:36:00');
INSERT INTO rounds (round_id, session_id, round_number, starts_at, ends_at) VALUES (156, 29, 1, '2026-04-27 05:00:00', '2026-04-27 05:10:00');
INSERT INTO rounds (round_id, session_id, round_number, starts_at, ends_at) VALUES (157, 29, 2, '2026-04-27 05:11:00', '2026-04-27 05:19:00');
INSERT INTO rounds (round_id, session_id, round_number, starts_at, ends_at) VALUES (158, 29, 3, '2026-04-27 05:21:00', '2026-04-27 05:41:00');
INSERT INTO rounds (round_id, session_id, round_number, starts_at, ends_at) VALUES (159, 29, 4, '2026-04-27 05:44:00', '2026-04-27 06:01:00');
INSERT INTO rounds (round_id, session_id, round_number, starts_at, ends_at) VALUES (160, 29, 5, '2026-04-27 06:06:00', '2026-04-27 06:18:00');
INSERT INTO rounds (round_id, session_id, round_number, starts_at, ends_at) VALUES (161, 30, 1, '2026-02-01 00:00:00', '2026-02-01 00:15:00');
INSERT INTO rounds (round_id, session_id, round_number, starts_at, ends_at) VALUES (162, 30, 2, '2026-02-01 00:18:00', '2026-02-01 00:37:00');
INSERT INTO rounds (round_id, session_id, round_number, starts_at, ends_at) VALUES (163, 30, 3, '2026-02-01 00:41:00', '2026-02-01 00:53:00');

-- participants
INSERT INTO participants (participant_id, session_id, player_user_id, joined_round_id, left_round_id, result, entry_fee, local_balance) VALUES (1, 1, 78, 4, 5, 'lose', 0.00, 668.00);
INSERT INTO participants (participant_id, session_id, player_user_id, joined_round_id, left_round_id, result, entry_fee, local_balance) VALUES (2, 1, 71, 1, NULL, 'undefined', 0.00, 740.00);
INSERT INTO participants (participant_id, session_id, player_user_id, joined_round_id, left_round_id, result, entry_fee, local_balance) VALUES (3, 1, 25, 1, 3, 'win', 0.00, 640.00);
INSERT INTO participants (participant_id, session_id, player_user_id, joined_round_id, left_round_id, result, entry_fee, local_balance) VALUES (4, 1, 91, 2, NULL, 'undefined', 0.00, 581.00);
INSERT INTO participants (participant_id, session_id, player_user_id, joined_round_id, left_round_id, result, entry_fee, local_balance) VALUES (5, 1, 20, 3, NULL, 'lose', 0.00, 649.00);
INSERT INTO participants (participant_id, session_id, player_user_id, joined_round_id, left_round_id, result, entry_fee, local_balance) VALUES (6, 1, 128, 4, NULL, 'lose', 0.00, 531.00);
INSERT INTO participants (participant_id, session_id, player_user_id, joined_round_id, left_round_id, result, entry_fee, local_balance) VALUES (7, 2, 56, 8, NULL, 'undefined', 0.00, 471.00);
INSERT INTO participants (participant_id, session_id, player_user_id, joined_round_id, left_round_id, result, entry_fee, local_balance) VALUES (8, 2, 100, 9, 12, 'undefined', 0.00, 883.00);
INSERT INTO participants (participant_id, session_id, player_user_id, joined_round_id, left_round_id, result, entry_fee, local_balance) VALUES (9, 2, 28, 10, NULL, 'lose', 0.00, 372.00);
INSERT INTO participants (participant_id, session_id, player_user_id, joined_round_id, left_round_id, result, entry_fee, local_balance) VALUES (10, 2, 124, 7, NULL, 'undefined', 0.00, 935.00);
INSERT INTO participants (participant_id, session_id, player_user_id, joined_round_id, left_round_id, result, entry_fee, local_balance) VALUES (11, 3, 126, 15, 16, 'lose', 0.00, 690.00);
INSERT INTO participants (participant_id, session_id, player_user_id, joined_round_id, left_round_id, result, entry_fee, local_balance) VALUES (12, 3, 84, 13, NULL, 'undefined', 0.00, 323.00);
INSERT INTO participants (participant_id, session_id, player_user_id, joined_round_id, left_round_id, result, entry_fee, local_balance) VALUES (13, 3, 74, 15, NULL, 'undefined', 0.00, 951.00);
INSERT INTO participants (participant_id, session_id, player_user_id, joined_round_id, left_round_id, result, entry_fee, local_balance) VALUES (14, 3, 67, 13, NULL, 'undefined', 0.00, 695.00);
INSERT INTO participants (participant_id, session_id, player_user_id, joined_round_id, left_round_id, result, entry_fee, local_balance) VALUES (15, 3, 21, 14, 15, 'undefined', 0.00, 368.00);
INSERT INTO participants (participant_id, session_id, player_user_id, joined_round_id, left_round_id, result, entry_fee, local_balance) VALUES (16, 3, 39, 17, NULL, 'win', 0.00, 145.00);
INSERT INTO participants (participant_id, session_id, player_user_id, joined_round_id, left_round_id, result, entry_fee, local_balance) VALUES (17, 3, 81, 16, NULL, 'win', 0.00, 713.00);
INSERT INTO participants (participant_id, session_id, player_user_id, joined_round_id, left_round_id, result, entry_fee, local_balance) VALUES (18, 4, 52, 21, NULL, 'undefined', 0.00, 517.00);
INSERT INTO participants (participant_id, session_id, player_user_id, joined_round_id, left_round_id, result, entry_fee, local_balance) VALUES (19, 4, 80, 21, NULL, 'undefined', 0.00, 993.00);
INSERT INTO participants (participant_id, session_id, player_user_id, joined_round_id, left_round_id, result, entry_fee, local_balance) VALUES (20, 4, 105, 23, NULL, 'win', 0.00, 934.00);
INSERT INTO participants (participant_id, session_id, player_user_id, joined_round_id, left_round_id, result, entry_fee, local_balance) VALUES (21, 4, 49, 24, NULL, 'undefined', 0.00, 455.00);
INSERT INTO participants (participant_id, session_id, player_user_id, joined_round_id, left_round_id, result, entry_fee, local_balance) VALUES (22, 4, 68, 24, NULL, 'undefined', 0.00, 455.00);
INSERT INTO participants (participant_id, session_id, player_user_id, joined_round_id, left_round_id, result, entry_fee, local_balance) VALUES (23, 4, 121, 24, 24, 'win', 0.00, 936.00);
INSERT INTO participants (participant_id, session_id, player_user_id, joined_round_id, left_round_id, result, entry_fee, local_balance) VALUES (24, 4, 76, 22, NULL, 'lose', 0.00, 455.00);
INSERT INTO participants (participant_id, session_id, player_user_id, joined_round_id, left_round_id, result, entry_fee, local_balance) VALUES (25, 5, 84, 26, 29, 'lose', 0.00, 289.00);
INSERT INTO participants (participant_id, session_id, player_user_id, joined_round_id, left_round_id, result, entry_fee, local_balance) VALUES (26, 5, 63, 27, 28, 'lose', 0.00, 772.00);
INSERT INTO participants (participant_id, session_id, player_user_id, joined_round_id, left_round_id, result, entry_fee, local_balance) VALUES (27, 5, 73, 26, NULL, 'win', 0.00, 258.00);
INSERT INTO participants (participant_id, session_id, player_user_id, joined_round_id, left_round_id, result, entry_fee, local_balance) VALUES (28, 5, 134, 29, NULL, 'win', 0.00, 940.00);
INSERT INTO participants (participant_id, session_id, player_user_id, joined_round_id, left_round_id, result, entry_fee, local_balance) VALUES (29, 5, 56, 25, 28, 'undefined', 0.00, 258.00);
INSERT INTO participants (participant_id, session_id, player_user_id, joined_round_id, left_round_id, result, entry_fee, local_balance) VALUES (30, 5, 126, 28, 28, 'lose', 0.00, 258.00);
INSERT INTO participants (participant_id, session_id, player_user_id, joined_round_id, left_round_id, result, entry_fee, local_balance) VALUES (31, 5, 39, 27, NULL, 'undefined', 0.00, 688.00);
INSERT INTO participants (participant_id, session_id, player_user_id, joined_round_id, left_round_id, result, entry_fee, local_balance) VALUES (32, 5, 104, 25, NULL, 'undefined', 0.00, 922.00);
INSERT INTO participants (participant_id, session_id, player_user_id, joined_round_id, left_round_id, result, entry_fee, local_balance) VALUES (33, 6, 55, 31, 31, 'win', 0.00, 682.00);
INSERT INTO participants (participant_id, session_id, player_user_id, joined_round_id, left_round_id, result, entry_fee, local_balance) VALUES (34, 6, 95, 32, 32, 'undefined', 0.00, 282.00);
INSERT INTO participants (participant_id, session_id, player_user_id, joined_round_id, left_round_id, result, entry_fee, local_balance) VALUES (35, 6, 106, 31, NULL, 'undefined', 0.00, 828.00);
INSERT INTO participants (participant_id, session_id, player_user_id, joined_round_id, left_round_id, result, entry_fee, local_balance) VALUES (36, 6, 128, 30, NULL, 'undefined', 0.00, 220.00);
INSERT INTO participants (participant_id, session_id, player_user_id, joined_round_id, left_round_id, result, entry_fee, local_balance) VALUES (37, 6, 112, 30, NULL, 'win', 0.00, 382.00);
INSERT INTO participants (participant_id, session_id, player_user_id, joined_round_id, left_round_id, result, entry_fee, local_balance) VALUES (38, 7, 62, 35, NULL, 'undefined', 0.00, 629.00);
INSERT INTO participants (participant_id, session_id, player_user_id, joined_round_id, left_round_id, result, entry_fee, local_balance) VALUES (39, 7, 70, 33, NULL, 'win', 0.00, 455.00);
INSERT INTO participants (participant_id, session_id, player_user_id, joined_round_id, left_round_id, result, entry_fee, local_balance) VALUES (40, 7, 33, 34, 34, 'undefined', 0.00, 559.00);
INSERT INTO participants (participant_id, session_id, player_user_id, joined_round_id, left_round_id, result, entry_fee, local_balance) VALUES (41, 7, 46, 33, NULL, 'lose', 0.00, 703.00);
INSERT INTO participants (participant_id, session_id, player_user_id, joined_round_id, left_round_id, result, entry_fee, local_balance) VALUES (42, 8, 100, 39, NULL, 'undefined', 0.00, 743.00);
INSERT INTO participants (participant_id, session_id, player_user_id, joined_round_id, left_round_id, result, entry_fee, local_balance) VALUES (43, 8, 16, 36, NULL, 'undefined', 0.00, 403.00);
INSERT INTO participants (participant_id, session_id, player_user_id, joined_round_id, left_round_id, result, entry_fee, local_balance) VALUES (44, 8, 130, 39, 39, 'lose', 0.00, 517.00);
INSERT INTO participants (participant_id, session_id, player_user_id, joined_round_id, left_round_id, result, entry_fee, local_balance) VALUES (45, 8, 117, 39, NULL, 'win', 0.00, 356.00);
INSERT INTO participants (participant_id, session_id, player_user_id, joined_round_id, left_round_id, result, entry_fee, local_balance) VALUES (46, 9, 60, 43, NULL, 'undefined', 0.00, 58.00);
INSERT INTO participants (participant_id, session_id, player_user_id, joined_round_id, left_round_id, result, entry_fee, local_balance) VALUES (47, 9, 88, 40, 43, 'lose', 0.00, 902.00);
INSERT INTO participants (participant_id, session_id, player_user_id, joined_round_id, left_round_id, result, entry_fee, local_balance) VALUES (48, 9, 52, 41, 42, 'undefined', 0.00, 274.00);
INSERT INTO participants (participant_id, session_id, player_user_id, joined_round_id, left_round_id, result, entry_fee, local_balance) VALUES (49, 9, 104, 42, 42, 'win', 0.00, 693.00);
INSERT INTO participants (participant_id, session_id, player_user_id, joined_round_id, left_round_id, result, entry_fee, local_balance) VALUES (50, 9, 17, 40, NULL, 'lose', 0.00, 857.00);
INSERT INTO participants (participant_id, session_id, player_user_id, joined_round_id, left_round_id, result, entry_fee, local_balance) VALUES (51, 9, 121, 42, 42, 'lose', 0.00, 142.00);
INSERT INTO participants (participant_id, session_id, player_user_id, joined_round_id, left_round_id, result, entry_fee, local_balance) VALUES (52, 10, 68, 46, 50, 'lose', 0.00, 985.00);
INSERT INTO participants (participant_id, session_id, player_user_id, joined_round_id, left_round_id, result, entry_fee, local_balance) VALUES (53, 10, 37, 46, NULL, 'lose', 0.00, 875.00);
INSERT INTO participants (participant_id, session_id, player_user_id, joined_round_id, left_round_id, result, entry_fee, local_balance) VALUES (54, 10, 40, 50, NULL, 'win', 0.00, 873.00);
INSERT INTO participants (participant_id, session_id, player_user_id, joined_round_id, left_round_id, result, entry_fee, local_balance) VALUES (55, 10, 31, 44, NULL, 'win', 0.00, 822.00);
INSERT INTO participants (participant_id, session_id, player_user_id, joined_round_id, left_round_id, result, entry_fee, local_balance) VALUES (56, 10, 115, 49, 50, 'undefined', 0.00, 916.00);
INSERT INTO participants (participant_id, session_id, player_user_id, joined_round_id, left_round_id, result, entry_fee, local_balance) VALUES (57, 10, 84, 44, NULL, 'lose', 0.00, 376.00);
INSERT INTO participants (participant_id, session_id, player_user_id, joined_round_id, left_round_id, result, entry_fee, local_balance) VALUES (58, 10, 127, 44, NULL, 'undefined', 0.00, 427.00);
INSERT INTO participants (participant_id, session_id, player_user_id, joined_round_id, left_round_id, result, entry_fee, local_balance) VALUES (59, 11, 48, 53, NULL, 'win', 0.00, 532.00);
INSERT INTO participants (participant_id, session_id, player_user_id, joined_round_id, left_round_id, result, entry_fee, local_balance) VALUES (60, 11, 89, 53, NULL, 'undefined', 0.00, 987.00);
INSERT INTO participants (participant_id, session_id, player_user_id, joined_round_id, left_round_id, result, entry_fee, local_balance) VALUES (61, 11, 63, 53, NULL, 'lose', 0.00, 700.00);
INSERT INTO participants (participant_id, session_id, player_user_id, joined_round_id, left_round_id, result, entry_fee, local_balance) VALUES (62, 11, 120, 52, 53, 'win', 0.00, 169.00);
INSERT INTO participants (participant_id, session_id, player_user_id, joined_round_id, left_round_id, result, entry_fee, local_balance) VALUES (63, 11, 96, 51, NULL, 'win', 0.00, 554.00);
INSERT INTO participants (participant_id, session_id, player_user_id, joined_round_id, left_round_id, result, entry_fee, local_balance) VALUES (64, 11, 62, 51, 51, 'lose', 0.00, 447.00);
INSERT INTO participants (participant_id, session_id, player_user_id, joined_round_id, left_round_id, result, entry_fee, local_balance) VALUES (65, 11, 28, 53, 53, 'undefined', 0.00, 651.00);
INSERT INTO participants (participant_id, session_id, player_user_id, joined_round_id, left_round_id, result, entry_fee, local_balance) VALUES (66, 12, 128, 54, NULL, 'lose', 0.00, 680.00);
INSERT INTO participants (participant_id, session_id, player_user_id, joined_round_id, left_round_id, result, entry_fee, local_balance) VALUES (67, 12, 68, 54, 56, 'lose', 0.00, 272.00);
INSERT INTO participants (participant_id, session_id, player_user_id, joined_round_id, left_round_id, result, entry_fee, local_balance) VALUES (68, 12, 98, 55, NULL, 'undefined', 0.00, 151.00);
INSERT INTO participants (participant_id, session_id, player_user_id, joined_round_id, left_round_id, result, entry_fee, local_balance) VALUES (69, 13, 130, 63, NULL, 'lose', 0.00, 918.00);
INSERT INTO participants (participant_id, session_id, player_user_id, joined_round_id, left_round_id, result, entry_fee, local_balance) VALUES (70, 13, 97, 63, 67, 'win', 0.00, 135.00);
INSERT INTO participants (participant_id, session_id, player_user_id, joined_round_id, left_round_id, result, entry_fee, local_balance) VALUES (71, 13, 60, 65, NULL, 'undefined', 0.00, 178.00);
INSERT INTO participants (participant_id, session_id, player_user_id, joined_round_id, left_round_id, result, entry_fee, local_balance) VALUES (72, 13, 22, 61, 62, 'win', 0.00, 650.00);
INSERT INTO participants (participant_id, session_id, player_user_id, joined_round_id, left_round_id, result, entry_fee, local_balance) VALUES (73, 13, 65, 65, NULL, 'undefined', 0.00, 857.00);
INSERT INTO participants (participant_id, session_id, player_user_id, joined_round_id, left_round_id, result, entry_fee, local_balance) VALUES (74, 13, 50, 64, NULL, 'undefined', 0.00, 183.00);
INSERT INTO participants (participant_id, session_id, player_user_id, joined_round_id, left_round_id, result, entry_fee, local_balance) VALUES (75, 14, 37, 69, 71, 'win', 0.00, 455.00);
INSERT INTO participants (participant_id, session_id, player_user_id, joined_round_id, left_round_id, result, entry_fee, local_balance) VALUES (76, 14, 29, 68, NULL, 'lose', 0.00, 809.00);
INSERT INTO participants (participant_id, session_id, player_user_id, joined_round_id, left_round_id, result, entry_fee, local_balance) VALUES (77, 14, 99, 68, 68, 'lose', 0.00, 537.00);
INSERT INTO participants (participant_id, session_id, player_user_id, joined_round_id, left_round_id, result, entry_fee, local_balance) VALUES (78, 14, 125, 70, 72, 'lose', 0.00, 455.00);
INSERT INTO participants (participant_id, session_id, player_user_id, joined_round_id, left_round_id, result, entry_fee, local_balance) VALUES (79, 14, 18, 69, 69, 'undefined', 0.00, 794.00);
INSERT INTO participants (participant_id, session_id, player_user_id, joined_round_id, left_round_id, result, entry_fee, local_balance) VALUES (80, 14, 31, 70, NULL, 'win', 0.00, 708.00);
INSERT INTO participants (participant_id, session_id, player_user_id, joined_round_id, left_round_id, result, entry_fee, local_balance) VALUES (81, 14, 16, 71, NULL, 'undefined', 0.00, 486.00);
INSERT INTO participants (participant_id, session_id, player_user_id, joined_round_id, left_round_id, result, entry_fee, local_balance) VALUES (82, 14, 60, 71, 72, 'win', 0.00, 455.00);
INSERT INTO participants (participant_id, session_id, player_user_id, joined_round_id, left_round_id, result, entry_fee, local_balance) VALUES (83, 15, 33, 78, NULL, 'undefined', 0.00, 661.00);
INSERT INTO participants (participant_id, session_id, player_user_id, joined_round_id, left_round_id, result, entry_fee, local_balance) VALUES (84, 15, 23, 80, 80, 'undefined', 0.00, 258.00);
INSERT INTO participants (participant_id, session_id, player_user_id, joined_round_id, left_round_id, result, entry_fee, local_balance) VALUES (85, 15, 31, 76, NULL, 'win', 0.00, 512.00);
INSERT INTO participants (participant_id, session_id, player_user_id, joined_round_id, left_round_id, result, entry_fee, local_balance) VALUES (86, 15, 50, 78, NULL, 'lose', 0.00, 458.00);
INSERT INTO participants (participant_id, session_id, player_user_id, joined_round_id, left_round_id, result, entry_fee, local_balance) VALUES (87, 15, 94, 74, NULL, 'lose', 0.00, 487.00);
INSERT INTO participants (participant_id, session_id, player_user_id, joined_round_id, left_round_id, result, entry_fee, local_balance) VALUES (88, 15, 96, 77, NULL, 'undefined', 0.00, 258.00);
INSERT INTO participants (participant_id, session_id, player_user_id, joined_round_id, left_round_id, result, entry_fee, local_balance) VALUES (89, 16, 26, 81, NULL, 'win', 0.00, 492.00);
INSERT INTO participants (participant_id, session_id, player_user_id, joined_round_id, left_round_id, result, entry_fee, local_balance) VALUES (90, 16, 121, 86, NULL, 'win', 0.00, 881.00);
INSERT INTO participants (participant_id, session_id, player_user_id, joined_round_id, left_round_id, result, entry_fee, local_balance) VALUES (91, 17, 90, 90, NULL, 'win', 0.00, 736.00);
INSERT INTO participants (participant_id, session_id, player_user_id, joined_round_id, left_round_id, result, entry_fee, local_balance) VALUES (92, 17, 86, 89, 90, 'undefined', 0.00, 938.00);
INSERT INTO participants (participant_id, session_id, player_user_id, joined_round_id, left_round_id, result, entry_fee, local_balance) VALUES (93, 18, 91, 95, 95, 'undefined', 0.00, 208.00);
INSERT INTO participants (participant_id, session_id, player_user_id, joined_round_id, left_round_id, result, entry_fee, local_balance) VALUES (94, 18, 54, 92, NULL, 'undefined', 0.00, 408.00);
INSERT INTO participants (participant_id, session_id, player_user_id, joined_round_id, left_round_id, result, entry_fee, local_balance) VALUES (95, 18, 60, 91, NULL, 'win', 0.00, 637.00);
INSERT INTO participants (participant_id, session_id, player_user_id, joined_round_id, left_round_id, result, entry_fee, local_balance) VALUES (96, 18, 28, 94, 94, 'undefined', 0.00, 673.00);
INSERT INTO participants (participant_id, session_id, player_user_id, joined_round_id, left_round_id, result, entry_fee, local_balance) VALUES (97, 19, 18, 98, NULL, 'win', 209.00, 409.00);
INSERT INTO participants (participant_id, session_id, player_user_id, joined_round_id, left_round_id, result, entry_fee, local_balance) VALUES (98, 19, 38, 97, 100, 'win', 209.00, 206.00);
INSERT INTO participants (participant_id, session_id, player_user_id, joined_round_id, left_round_id, result, entry_fee, local_balance) VALUES (99, 19, 49, 96, NULL, 'undefined', 209.00, 814.00);
INSERT INTO participants (participant_id, session_id, player_user_id, joined_round_id, left_round_id, result, entry_fee, local_balance) VALUES (100, 19, 104, 99, NULL, 'lose', 209.00, 514.00);
INSERT INTO participants (participant_id, session_id, player_user_id, joined_round_id, left_round_id, result, entry_fee, local_balance) VALUES (101, 20, 54, 102, NULL, 'win', 0.00, 426.00);
INSERT INTO participants (participant_id, session_id, player_user_id, joined_round_id, left_round_id, result, entry_fee, local_balance) VALUES (102, 20, 107, 101, 102, 'lose', 0.00, 426.00);
INSERT INTO participants (participant_id, session_id, player_user_id, joined_round_id, left_round_id, result, entry_fee, local_balance) VALUES (103, 20, 56, 107, NULL, 'lose', 0.00, 671.00);
INSERT INTO participants (participant_id, session_id, player_user_id, joined_round_id, left_round_id, result, entry_fee, local_balance) VALUES (104, 20, 114, 105, NULL, 'undefined', 0.00, 823.00);
INSERT INTO participants (participant_id, session_id, player_user_id, joined_round_id, left_round_id, result, entry_fee, local_balance) VALUES (105, 21, 70, 113, NULL, 'undefined', 0.00, 589.00);
INSERT INTO participants (participant_id, session_id, player_user_id, joined_round_id, left_round_id, result, entry_fee, local_balance) VALUES (106, 21, 29, 109, NULL, 'undefined', 0.00, 454.00);
INSERT INTO participants (participant_id, session_id, player_user_id, joined_round_id, left_round_id, result, entry_fee, local_balance) VALUES (107, 21, 51, 109, NULL, 'win', 0.00, 358.00);
INSERT INTO participants (participant_id, session_id, player_user_id, joined_round_id, left_round_id, result, entry_fee, local_balance) VALUES (108, 21, 101, 110, NULL, 'lose', 0.00, 346.00);
INSERT INTO participants (participant_id, session_id, player_user_id, joined_round_id, left_round_id, result, entry_fee, local_balance) VALUES (109, 22, 78, 120, NULL, 'lose', 0.00, 470.00);
INSERT INTO participants (participant_id, session_id, player_user_id, joined_round_id, left_round_id, result, entry_fee, local_balance) VALUES (110, 22, 110, 117, 121, 'undefined', 0.00, 903.00);
INSERT INTO participants (participant_id, session_id, player_user_id, joined_round_id, left_round_id, result, entry_fee, local_balance) VALUES (111, 23, 24, 122, NULL, 'lose', 41.00, 206.00);
INSERT INTO participants (participant_id, session_id, player_user_id, joined_round_id, left_round_id, result, entry_fee, local_balance) VALUES (112, 23, 65, 124, 127, 'lose', 41.00, 637.00);
INSERT INTO participants (participant_id, session_id, player_user_id, joined_round_id, left_round_id, result, entry_fee, local_balance) VALUES (113, 23, 125, 127, NULL, 'win', 41.00, 346.00);
INSERT INTO participants (participant_id, session_id, player_user_id, joined_round_id, left_round_id, result, entry_fee, local_balance) VALUES (114, 23, 109, 122, NULL, 'undefined', 41.00, 225.00);
INSERT INTO participants (participant_id, session_id, player_user_id, joined_round_id, left_round_id, result, entry_fee, local_balance) VALUES (115, 24, 103, 131, 134, 'win', 0.00, 586.00);
INSERT INTO participants (participant_id, session_id, player_user_id, joined_round_id, left_round_id, result, entry_fee, local_balance) VALUES (116, 24, 132, 134, NULL, 'lose', 0.00, 813.00);
INSERT INTO participants (participant_id, session_id, player_user_id, joined_round_id, left_round_id, result, entry_fee, local_balance) VALUES (117, 24, 61, 130, NULL, 'undefined', 0.00, 470.00);
INSERT INTO participants (participant_id, session_id, player_user_id, joined_round_id, left_round_id, result, entry_fee, local_balance) VALUES (118, 24, 26, 128, 132, 'lose', 0.00, 470.00);
INSERT INTO participants (participant_id, session_id, player_user_id, joined_round_id, left_round_id, result, entry_fee, local_balance) VALUES (119, 24, 70, 133, 133, 'win', 0.00, 470.00);
INSERT INTO participants (participant_id, session_id, player_user_id, joined_round_id, left_round_id, result, entry_fee, local_balance) VALUES (120, 24, 123, 130, NULL, 'undefined', 0.00, 470.00);
INSERT INTO participants (participant_id, session_id, player_user_id, joined_round_id, left_round_id, result, entry_fee, local_balance) VALUES (121, 24, 28, 134, 134, 'undefined', 0.00, 470.00);
INSERT INTO participants (participant_id, session_id, player_user_id, joined_round_id, left_round_id, result, entry_fee, local_balance) VALUES (122, 24, 46, 131, 134, 'undefined', 0.00, 747.00);
INSERT INTO participants (participant_id, session_id, player_user_id, joined_round_id, left_round_id, result, entry_fee, local_balance) VALUES (123, 25, 94, 135, NULL, 'undefined', 0.00, 502.00);
INSERT INTO participants (participant_id, session_id, player_user_id, joined_round_id, left_round_id, result, entry_fee, local_balance) VALUES (124, 25, 56, 137, 137, 'undefined', 0.00, 410.00);
INSERT INTO participants (participant_id, session_id, player_user_id, joined_round_id, left_round_id, result, entry_fee, local_balance) VALUES (125, 25, 125, 137, NULL, 'win', 0.00, 512.00);
INSERT INTO participants (participant_id, session_id, player_user_id, joined_round_id, left_round_id, result, entry_fee, local_balance) VALUES (126, 25, 95, 137, NULL, 'undefined', 0.00, 258.00);
INSERT INTO participants (participant_id, session_id, player_user_id, joined_round_id, left_round_id, result, entry_fee, local_balance) VALUES (127, 25, 55, 139, 139, 'undefined', 0.00, 523.00);
INSERT INTO participants (participant_id, session_id, player_user_id, joined_round_id, left_round_id, result, entry_fee, local_balance) VALUES (128, 25, 34, 135, NULL, 'undefined', 0.00, 980.00);
INSERT INTO participants (participant_id, session_id, player_user_id, joined_round_id, left_round_id, result, entry_fee, local_balance) VALUES (129, 25, 71, 136, NULL, 'lose', 0.00, 669.00);
INSERT INTO participants (participant_id, session_id, player_user_id, joined_round_id, left_round_id, result, entry_fee, local_balance) VALUES (130, 26, 22, 142, 142, 'undefined', 0.00, 566.00);
INSERT INTO participants (participant_id, session_id, player_user_id, joined_round_id, left_round_id, result, entry_fee, local_balance) VALUES (131, 26, 72, 140, NULL, 'lose', 0.00, 774.00);
INSERT INTO participants (participant_id, session_id, player_user_id, joined_round_id, left_round_id, result, entry_fee, local_balance) VALUES (132, 26, 28, 144, 144, 'lose', 0.00, 455.00);
INSERT INTO participants (participant_id, session_id, player_user_id, joined_round_id, left_round_id, result, entry_fee, local_balance) VALUES (133, 27, 67, 145, 150, 'win', 75.00, 392.00);
INSERT INTO participants (participant_id, session_id, player_user_id, joined_round_id, left_round_id, result, entry_fee, local_balance) VALUES (134, 27, 114, 145, 150, 'lose', 75.00, 445.00);
INSERT INTO participants (participant_id, session_id, player_user_id, joined_round_id, left_round_id, result, entry_fee, local_balance) VALUES (135, 27, 58, 150, 150, 'win', 75.00, 391.00);
INSERT INTO participants (participant_id, session_id, player_user_id, joined_round_id, left_round_id, result, entry_fee, local_balance) VALUES (136, 27, 101, 150, NULL, 'lose', 75.00, 988.00);
INSERT INTO participants (participant_id, session_id, player_user_id, joined_round_id, left_round_id, result, entry_fee, local_balance) VALUES (137, 27, 91, 150, 150, 'undefined', 75.00, 182.00);
INSERT INTO participants (participant_id, session_id, player_user_id, joined_round_id, left_round_id, result, entry_fee, local_balance) VALUES (138, 28, 54, 154, 155, 'win', 0.00, 882.00);
INSERT INTO participants (participant_id, session_id, player_user_id, joined_round_id, left_round_id, result, entry_fee, local_balance) VALUES (139, 28, 86, 155, NULL, 'undefined', 0.00, 711.00);
INSERT INTO participants (participant_id, session_id, player_user_id, joined_round_id, left_round_id, result, entry_fee, local_balance) VALUES (140, 29, 61, 159, NULL, 'win', 0.00, 281.00);
INSERT INTO participants (participant_id, session_id, player_user_id, joined_round_id, left_round_id, result, entry_fee, local_balance) VALUES (141, 29, 17, 156, NULL, 'win', 0.00, 914.00);
INSERT INTO participants (participant_id, session_id, player_user_id, joined_round_id, left_round_id, result, entry_fee, local_balance) VALUES (142, 29, 54, 160, 160, 'lose', 0.00, 727.00);
INSERT INTO participants (participant_id, session_id, player_user_id, joined_round_id, left_round_id, result, entry_fee, local_balance) VALUES (143, 29, 38, 160, NULL, 'lose', 0.00, 661.00);
INSERT INTO participants (participant_id, session_id, player_user_id, joined_round_id, left_round_id, result, entry_fee, local_balance) VALUES (144, 29, 42, 157, NULL, 'undefined', 0.00, 901.00);
INSERT INTO participants (participant_id, session_id, player_user_id, joined_round_id, left_round_id, result, entry_fee, local_balance) VALUES (145, 29, 58, 160, NULL, 'lose', 0.00, 788.00);
INSERT INTO participants (participant_id, session_id, player_user_id, joined_round_id, left_round_id, result, entry_fee, local_balance) VALUES (146, 30, 61, 163, NULL, 'undefined', 0.00, 820.00);
INSERT INTO participants (participant_id, session_id, player_user_id, joined_round_id, left_round_id, result, entry_fee, local_balance) VALUES (147, 30, 101, 162, NULL, 'win', 0.00, 596.00);
INSERT INTO participants (participant_id, session_id, player_user_id, joined_round_id, left_round_id, result, entry_fee, local_balance) VALUES (148, 30, 107, 162, NULL, 'undefined', 0.00, 470.00);
INSERT INTO participants (participant_id, session_id, player_user_id, joined_round_id, left_round_id, result, entry_fee, local_balance) VALUES (149, 30, 45, 162, NULL, 'lose', 0.00, 837.00);
INSERT INTO participants (participant_id, session_id, player_user_id, joined_round_id, left_round_id, result, entry_fee, local_balance) VALUES (150, 30, 71, 162, 163, 'win', 0.00, 470.00);

-- balance_movements
INSERT INTO balance_movements (movement_id, participant_id, movement_type, amount, created_at) VALUES (1, 1, 'global_to_local', 668.00, '2026-04-17 20:05:00');
INSERT INTO balance_movements (movement_id, participant_id, movement_type, amount, created_at) VALUES (2, 2, 'global_to_local', 740.00, '2026-04-17 18:37:00');
INSERT INTO balance_movements (movement_id, participant_id, movement_type, amount, created_at) VALUES (3, 3, 'global_to_local', 640.00, '2026-04-17 18:31:00');
INSERT INTO balance_movements (movement_id, participant_id, movement_type, amount, created_at) VALUES (4, 4, 'global_to_local', 581.00, '2026-04-17 19:06:00');
INSERT INTO balance_movements (movement_id, participant_id, movement_type, amount, created_at) VALUES (5, 5, 'global_to_local', 649.00, '2026-04-17 19:20:00');
INSERT INTO balance_movements (movement_id, participant_id, movement_type, amount, created_at) VALUES (6, 6, 'global_to_local', 531.00, '2026-04-17 19:52:00');
INSERT INTO balance_movements (movement_id, participant_id, movement_type, amount, created_at) VALUES (7, 7, 'global_to_local', 471.00, '2026-02-22 22:01:00');
INSERT INTO balance_movements (movement_id, participant_id, movement_type, amount, created_at) VALUES (8, 8, 'global_to_local', 883.00, '2026-02-22 22:40:00');
INSERT INTO balance_movements (movement_id, participant_id, movement_type, amount, created_at) VALUES (9, 9, 'global_to_local', 372.00, '2026-02-22 22:46:00');
INSERT INTO balance_movements (movement_id, participant_id, movement_type, amount, created_at) VALUES (10, 10, 'global_to_local', 935.00, '2026-02-22 21:55:00');
INSERT INTO balance_movements (movement_id, participant_id, movement_type, amount, created_at) VALUES (11, 11, 'global_to_local', 690.00, '2026-03-26 04:14:00');
INSERT INTO balance_movements (movement_id, participant_id, movement_type, amount, created_at) VALUES (12, 12, 'global_to_local', 323.00, '2026-03-26 03:51:00');
INSERT INTO balance_movements (movement_id, participant_id, movement_type, amount, created_at) VALUES (13, 13, 'global_to_local', 951.00, '2026-03-26 04:23:00');
INSERT INTO balance_movements (movement_id, participant_id, movement_type, amount, created_at) VALUES (14, 14, 'global_to_local', 695.00, '2026-03-26 03:30:00');
INSERT INTO balance_movements (movement_id, participant_id, movement_type, amount, created_at) VALUES (15, 15, 'global_to_local', 368.00, '2026-03-26 04:17:00');
INSERT INTO balance_movements (movement_id, participant_id, movement_type, amount, created_at) VALUES (16, 16, 'global_to_local', 145.00, '2026-03-26 05:14:00');
INSERT INTO balance_movements (movement_id, participant_id, movement_type, amount, created_at) VALUES (17, 17, 'global_to_local', 713.00, '2026-03-26 04:40:00');
INSERT INTO balance_movements (movement_id, participant_id, movement_type, amount, created_at) VALUES (18, 18, 'global_to_local', 517.00, '2026-01-05 15:36:00');
INSERT INTO balance_movements (movement_id, participant_id, movement_type, amount, created_at) VALUES (19, 19, 'global_to_local', 993.00, '2026-01-05 15:24:00');
INSERT INTO balance_movements (movement_id, participant_id, movement_type, amount, created_at) VALUES (20, 20, 'global_to_local', 934.00, '2026-01-05 15:59:00');
INSERT INTO balance_movements (movement_id, participant_id, movement_type, amount, created_at) VALUES (21, 21, 'global_to_local', 455.00, '2026-01-05 16:14:00');
INSERT INTO balance_movements (movement_id, participant_id, movement_type, amount, created_at) VALUES (22, 22, 'global_to_local', 455.00, '2026-01-05 16:13:00');
INSERT INTO balance_movements (movement_id, participant_id, movement_type, amount, created_at) VALUES (23, 23, 'global_to_local', 936.00, '2026-01-05 16:08:00');
INSERT INTO balance_movements (movement_id, participant_id, movement_type, amount, created_at) VALUES (24, 24, 'global_to_local', 455.00, '2026-01-05 15:34:00');
INSERT INTO balance_movements (movement_id, participant_id, movement_type, amount, created_at) VALUES (25, 25, 'global_to_local', 289.00, '2026-02-04 13:18:00');
INSERT INTO balance_movements (movement_id, participant_id, movement_type, amount, created_at) VALUES (26, 26, 'global_to_local', 772.00, '2026-02-04 13:23:00');
INSERT INTO balance_movements (movement_id, participant_id, movement_type, amount, created_at) VALUES (27, 27, 'global_to_local', 258.00, '2026-02-04 13:03:00');
INSERT INTO balance_movements (movement_id, participant_id, movement_type, amount, created_at) VALUES (28, 28, 'global_to_local', 940.00, '2026-02-04 13:50:00');
INSERT INTO balance_movements (movement_id, participant_id, movement_type, amount, created_at) VALUES (29, 29, 'global_to_local', 258.00, '2026-02-04 12:51:00');
INSERT INTO balance_movements (movement_id, participant_id, movement_type, amount, created_at) VALUES (30, 30, 'global_to_local', 258.00, '2026-02-04 13:23:00');
INSERT INTO balance_movements (movement_id, participant_id, movement_type, amount, created_at) VALUES (31, 31, 'global_to_local', 688.00, '2026-02-04 13:23:00');
INSERT INTO balance_movements (movement_id, participant_id, movement_type, amount, created_at) VALUES (32, 32, 'global_to_local', 922.00, '2026-02-04 12:38:00');
INSERT INTO balance_movements (movement_id, participant_id, movement_type, amount, created_at) VALUES (33, 33, 'global_to_local', 682.00, '2026-04-05 22:03:00');
INSERT INTO balance_movements (movement_id, participant_id, movement_type, amount, created_at) VALUES (34, 34, 'global_to_local', 282.00, '2026-04-05 22:27:00');
INSERT INTO balance_movements (movement_id, participant_id, movement_type, amount, created_at) VALUES (35, 35, 'global_to_local', 828.00, '2026-04-05 21:48:00');
INSERT INTO balance_movements (movement_id, participant_id, movement_type, amount, created_at) VALUES (36, 36, 'global_to_local', 220.00, '2026-04-05 21:46:00');
INSERT INTO balance_movements (movement_id, participant_id, movement_type, amount, created_at) VALUES (37, 37, 'global_to_local', 382.00, '2026-04-05 21:46:00');
INSERT INTO balance_movements (movement_id, participant_id, movement_type, amount, created_at) VALUES (38, 38, 'global_to_local', 629.00, '2026-02-21 05:56:00');
INSERT INTO balance_movements (movement_id, participant_id, movement_type, amount, created_at) VALUES (39, 39, 'global_to_local', 455.00, '2026-02-21 05:36:00');
INSERT INTO balance_movements (movement_id, participant_id, movement_type, amount, created_at) VALUES (40, 40, 'global_to_local', 559.00, '2026-02-21 06:04:00');
INSERT INTO balance_movements (movement_id, participant_id, movement_type, amount, created_at) VALUES (41, 41, 'global_to_local', 703.00, '2026-02-21 05:41:00');
INSERT INTO balance_movements (movement_id, participant_id, movement_type, amount, created_at) VALUES (42, 42, 'global_to_local', 743.00, '2026-01-03 04:43:00');
INSERT INTO balance_movements (movement_id, participant_id, movement_type, amount, created_at) VALUES (43, 43, 'global_to_local', 403.00, '2026-01-03 03:46:00');
INSERT INTO balance_movements (movement_id, participant_id, movement_type, amount, created_at) VALUES (44, 44, 'global_to_local', 517.00, '2026-01-03 04:42:00');
INSERT INTO balance_movements (movement_id, participant_id, movement_type, amount, created_at) VALUES (45, 45, 'global_to_local', 356.00, '2026-01-03 04:36:00');
INSERT INTO balance_movements (movement_id, participant_id, movement_type, amount, created_at) VALUES (46, 46, 'global_to_local', 58.00, '2026-04-06 18:38:00');
INSERT INTO balance_movements (movement_id, participant_id, movement_type, amount, created_at) VALUES (47, 47, 'global_to_local', 902.00, '2026-04-06 17:31:00');
INSERT INTO balance_movements (movement_id, participant_id, movement_type, amount, created_at) VALUES (48, 48, 'global_to_local', 274.00, '2026-04-06 18:11:00');
INSERT INTO balance_movements (movement_id, participant_id, movement_type, amount, created_at) VALUES (49, 49, 'global_to_local', 693.00, '2026-04-06 18:17:00');
INSERT INTO balance_movements (movement_id, participant_id, movement_type, amount, created_at) VALUES (50, 50, 'global_to_local', 857.00, '2026-04-06 17:54:00');
INSERT INTO balance_movements (movement_id, participant_id, movement_type, amount, created_at) VALUES (51, 51, 'global_to_local', 142.00, '2026-04-06 18:27:00');
INSERT INTO balance_movements (movement_id, participant_id, movement_type, amount, created_at) VALUES (52, 52, 'global_to_local', 985.00, '2026-03-22 22:22:00');
INSERT INTO balance_movements (movement_id, participant_id, movement_type, amount, created_at) VALUES (53, 53, 'global_to_local', 875.00, '2026-03-22 22:04:00');
INSERT INTO balance_movements (movement_id, participant_id, movement_type, amount, created_at) VALUES (54, 54, 'global_to_local', 873.00, '2026-03-22 23:16:00');
INSERT INTO balance_movements (movement_id, participant_id, movement_type, amount, created_at) VALUES (55, 55, 'global_to_local', 822.00, '2026-03-22 21:34:00');
INSERT INTO balance_movements (movement_id, participant_id, movement_type, amount, created_at) VALUES (56, 56, 'global_to_local', 916.00, '2026-03-22 23:07:00');
INSERT INTO balance_movements (movement_id, participant_id, movement_type, amount, created_at) VALUES (57, 57, 'global_to_local', 376.00, '2026-03-22 21:38:00');
INSERT INTO balance_movements (movement_id, participant_id, movement_type, amount, created_at) VALUES (58, 58, 'global_to_local', 427.00, '2026-03-22 21:32:00');
INSERT INTO balance_movements (movement_id, participant_id, movement_type, amount, created_at) VALUES (59, 59, 'global_to_local', 532.00, '2026-03-29 01:22:00');
INSERT INTO balance_movements (movement_id, participant_id, movement_type, amount, created_at) VALUES (60, 60, 'global_to_local', 987.00, '2026-03-29 01:34:00');
INSERT INTO balance_movements (movement_id, participant_id, movement_type, amount, created_at) VALUES (61, 61, 'global_to_local', 700.00, '2026-03-29 01:19:00');
INSERT INTO balance_movements (movement_id, participant_id, movement_type, amount, created_at) VALUES (62, 62, 'global_to_local', 169.00, '2026-03-29 01:19:00');
INSERT INTO balance_movements (movement_id, participant_id, movement_type, amount, created_at) VALUES (63, 63, 'global_to_local', 554.00, '2026-03-29 00:52:00');
INSERT INTO balance_movements (movement_id, participant_id, movement_type, amount, created_at) VALUES (64, 64, 'global_to_local', 447.00, '2026-03-29 00:44:00');
INSERT INTO balance_movements (movement_id, participant_id, movement_type, amount, created_at) VALUES (65, 65, 'global_to_local', 651.00, '2026-03-29 01:18:00');
INSERT INTO balance_movements (movement_id, participant_id, movement_type, amount, created_at) VALUES (66, 66, 'global_to_local', 680.00, '2026-02-09 04:47:00');
INSERT INTO balance_movements (movement_id, participant_id, movement_type, amount, created_at) VALUES (67, 67, 'global_to_local', 272.00, '2026-02-09 04:41:00');
INSERT INTO balance_movements (movement_id, participant_id, movement_type, amount, created_at) VALUES (68, 68, 'global_to_local', 151.00, '2026-02-09 05:05:00');
INSERT INTO balance_movements (movement_id, participant_id, movement_type, amount, created_at) VALUES (69, 69, 'global_to_local', 918.00, '2026-03-29 17:50:00');
INSERT INTO balance_movements (movement_id, participant_id, movement_type, amount, created_at) VALUES (70, 70, 'global_to_local', 135.00, '2026-03-29 17:27:00');
INSERT INTO balance_movements (movement_id, participant_id, movement_type, amount, created_at) VALUES (71, 71, 'global_to_local', 178.00, '2026-03-29 18:29:00');
INSERT INTO balance_movements (movement_id, participant_id, movement_type, amount, created_at) VALUES (72, 72, 'global_to_local', 650.00, '2026-03-29 17:05:00');
INSERT INTO balance_movements (movement_id, participant_id, movement_type, amount, created_at) VALUES (73, 73, 'global_to_local', 857.00, '2026-03-29 18:35:00');
INSERT INTO balance_movements (movement_id, participant_id, movement_type, amount, created_at) VALUES (74, 74, 'global_to_local', 183.00, '2026-03-29 18:05:00');
INSERT INTO balance_movements (movement_id, participant_id, movement_type, amount, created_at) VALUES (75, 75, 'global_to_local', 455.00, '2026-02-09 21:02:00');
INSERT INTO balance_movements (movement_id, participant_id, movement_type, amount, created_at) VALUES (76, 76, 'global_to_local', 809.00, '2026-02-09 20:39:00');
INSERT INTO balance_movements (movement_id, participant_id, movement_type, amount, created_at) VALUES (77, 77, 'global_to_local', 537.00, '2026-02-09 20:31:00');
INSERT INTO balance_movements (movement_id, participant_id, movement_type, amount, created_at) VALUES (78, 78, 'global_to_local', 455.00, '2026-02-09 21:06:00');
INSERT INTO balance_movements (movement_id, participant_id, movement_type, amount, created_at) VALUES (79, 79, 'global_to_local', 794.00, '2026-02-09 20:54:00');
INSERT INTO balance_movements (movement_id, participant_id, movement_type, amount, created_at) VALUES (80, 80, 'global_to_local', 708.00, '2026-02-09 21:21:00');
INSERT INTO balance_movements (movement_id, participant_id, movement_type, amount, created_at) VALUES (81, 81, 'global_to_local', 486.00, '2026-02-09 21:36:00');
INSERT INTO balance_movements (movement_id, participant_id, movement_type, amount, created_at) VALUES (82, 82, 'global_to_local', 455.00, '2026-02-09 21:29:00');
INSERT INTO balance_movements (movement_id, participant_id, movement_type, amount, created_at) VALUES (83, 83, 'global_to_local', 661.00, '2026-03-21 09:03:00');
INSERT INTO balance_movements (movement_id, participant_id, movement_type, amount, created_at) VALUES (84, 84, 'global_to_local', 258.00, '2026-03-21 09:45:00');
INSERT INTO balance_movements (movement_id, participant_id, movement_type, amount, created_at) VALUES (85, 85, 'global_to_local', 512.00, '2026-03-21 08:26:00');
INSERT INTO balance_movements (movement_id, participant_id, movement_type, amount, created_at) VALUES (86, 86, 'global_to_local', 458.00, '2026-03-21 08:49:00');
INSERT INTO balance_movements (movement_id, participant_id, movement_type, amount, created_at) VALUES (87, 87, 'global_to_local', 487.00, '2026-03-21 07:51:00');
INSERT INTO balance_movements (movement_id, participant_id, movement_type, amount, created_at) VALUES (88, 88, 'global_to_local', 258.00, '2026-03-21 08:41:00');
INSERT INTO balance_movements (movement_id, participant_id, movement_type, amount, created_at) VALUES (89, 89, 'global_to_local', 492.00, '2026-03-29 17:32:00');
INSERT INTO balance_movements (movement_id, participant_id, movement_type, amount, created_at) VALUES (90, 90, 'global_to_local', 881.00, '2026-03-29 19:10:00');
INSERT INTO balance_movements (movement_id, participant_id, movement_type, amount, created_at) VALUES (91, 91, 'global_to_local', 736.00, '2026-01-23 14:12:00');
INSERT INTO balance_movements (movement_id, participant_id, movement_type, amount, created_at) VALUES (92, 92, 'global_to_local', 938.00, '2026-01-23 14:08:00');
INSERT INTO balance_movements (movement_id, participant_id, movement_type, amount, created_at) VALUES (93, 93, 'global_to_local', 208.00, '2026-01-13 19:54:00');
INSERT INTO balance_movements (movement_id, participant_id, movement_type, amount, created_at) VALUES (94, 94, 'global_to_local', 408.00, '2026-01-13 19:04:00');
INSERT INTO balance_movements (movement_id, participant_id, movement_type, amount, created_at) VALUES (95, 95, 'global_to_local', 637.00, '2026-01-13 18:30:00');
INSERT INTO balance_movements (movement_id, participant_id, movement_type, amount, created_at) VALUES (96, 96, 'global_to_local', 673.00, '2026-01-13 19:31:00');
INSERT INTO balance_movements (movement_id, participant_id, movement_type, amount, created_at) VALUES (97, 97, 'global_to_local', 409.00, '2026-01-07 19:17:00');
INSERT INTO balance_movements (movement_id, participant_id, movement_type, amount, created_at) VALUES (98, 98, 'global_to_local', 206.00, '2026-01-07 18:47:00');
INSERT INTO balance_movements (movement_id, participant_id, movement_type, amount, created_at) VALUES (99, 99, 'global_to_local', 814.00, '2026-01-07 18:49:00');
INSERT INTO balance_movements (movement_id, participant_id, movement_type, amount, created_at) VALUES (100, 100, 'global_to_local', 514.00, '2026-01-07 19:38:00');
INSERT INTO balance_movements (movement_id, participant_id, movement_type, amount, created_at) VALUES (101, 101, 'global_to_local', 426.00, '2026-04-26 07:43:00');
INSERT INTO balance_movements (movement_id, participant_id, movement_type, amount, created_at) VALUES (102, 102, 'global_to_local', 426.00, '2026-04-26 07:34:00');
INSERT INTO balance_movements (movement_id, participant_id, movement_type, amount, created_at) VALUES (103, 103, 'global_to_local', 671.00, '2026-04-26 09:22:00');
INSERT INTO balance_movements (movement_id, participant_id, movement_type, amount, created_at) VALUES (104, 104, 'global_to_local', 823.00, '2026-04-26 09:01:00');
INSERT INTO balance_movements (movement_id, participant_id, movement_type, amount, created_at) VALUES (105, 105, 'global_to_local', 589.00, '2026-02-21 03:40:00');
INSERT INTO balance_movements (movement_id, participant_id, movement_type, amount, created_at) VALUES (106, 106, 'global_to_local', 454.00, '2026-02-21 02:54:00');
INSERT INTO balance_movements (movement_id, participant_id, movement_type, amount, created_at) VALUES (107, 107, 'global_to_local', 358.00, '2026-02-21 02:31:00');
INSERT INTO balance_movements (movement_id, participant_id, movement_type, amount, created_at) VALUES (108, 108, 'global_to_local', 346.00, '2026-02-21 03:05:00');
INSERT INTO balance_movements (movement_id, participant_id, movement_type, amount, created_at) VALUES (109, 109, 'global_to_local', 470.00, '2026-03-26 13:20:00');
INSERT INTO balance_movements (movement_id, participant_id, movement_type, amount, created_at) VALUES (110, 110, 'global_to_local', 903.00, '2026-03-26 12:24:00');
INSERT INTO balance_movements (movement_id, participant_id, movement_type, amount, created_at) VALUES (111, 111, 'global_to_local', 206.00, '2026-01-09 04:53:00');
INSERT INTO balance_movements (movement_id, participant_id, movement_type, amount, created_at) VALUES (112, 112, 'global_to_local', 637.00, '2026-01-09 05:07:00');
INSERT INTO balance_movements (movement_id, participant_id, movement_type, amount, created_at) VALUES (113, 113, 'global_to_local', 346.00, '2026-01-09 06:07:00');
INSERT INTO balance_movements (movement_id, participant_id, movement_type, amount, created_at) VALUES (114, 114, 'global_to_local', 225.00, '2026-01-09 04:41:00');
INSERT INTO balance_movements (movement_id, participant_id, movement_type, amount, created_at) VALUES (115, 115, 'global_to_local', 586.00, '2026-04-15 02:54:00');
INSERT INTO balance_movements (movement_id, participant_id, movement_type, amount, created_at) VALUES (116, 116, 'global_to_local', 813.00, '2026-04-15 03:51:00');
INSERT INTO balance_movements (movement_id, participant_id, movement_type, amount, created_at) VALUES (117, 117, 'global_to_local', 470.00, '2026-04-15 02:21:00');
INSERT INTO balance_movements (movement_id, participant_id, movement_type, amount, created_at) VALUES (118, 118, 'global_to_local', 470.00, '2026-04-15 01:44:00');
INSERT INTO balance_movements (movement_id, participant_id, movement_type, amount, created_at) VALUES (119, 119, 'global_to_local', 470.00, '2026-04-15 03:36:00');
INSERT INTO balance_movements (movement_id, participant_id, movement_type, amount, created_at) VALUES (120, 120, 'global_to_local', 470.00, '2026-04-15 02:37:00');
INSERT INTO balance_movements (movement_id, participant_id, movement_type, amount, created_at) VALUES (121, 121, 'global_to_local', 470.00, '2026-04-15 03:43:00');
INSERT INTO balance_movements (movement_id, participant_id, movement_type, amount, created_at) VALUES (122, 122, 'global_to_local', 747.00, '2026-04-15 02:46:00');
INSERT INTO balance_movements (movement_id, participant_id, movement_type, amount, created_at) VALUES (123, 123, 'global_to_local', 502.00, '2026-02-12 01:46:00');
INSERT INTO balance_movements (movement_id, participant_id, movement_type, amount, created_at) VALUES (124, 124, 'global_to_local', 410.00, '2026-02-12 02:28:00');
INSERT INTO balance_movements (movement_id, participant_id, movement_type, amount, created_at) VALUES (125, 125, 'global_to_local', 512.00, '2026-02-12 02:29:00');
INSERT INTO balance_movements (movement_id, participant_id, movement_type, amount, created_at) VALUES (126, 126, 'global_to_local', 258.00, '2026-02-12 02:28:00');
INSERT INTO balance_movements (movement_id, participant_id, movement_type, amount, created_at) VALUES (127, 127, 'global_to_local', 523.00, '2026-02-12 02:55:00');
INSERT INTO balance_movements (movement_id, participant_id, movement_type, amount, created_at) VALUES (128, 128, 'global_to_local', 980.00, '2026-02-12 01:35:00');
INSERT INTO balance_movements (movement_id, participant_id, movement_type, amount, created_at) VALUES (129, 129, 'global_to_local', 669.00, '2026-02-12 02:01:00');
INSERT INTO balance_movements (movement_id, participant_id, movement_type, amount, created_at) VALUES (130, 130, 'global_to_local', 566.00, '2026-04-26 17:21:00');
INSERT INTO balance_movements (movement_id, participant_id, movement_type, amount, created_at) VALUES (131, 131, 'global_to_local', 774.00, '2026-04-26 16:41:00');
INSERT INTO balance_movements (movement_id, participant_id, movement_type, amount, created_at) VALUES (132, 132, 'global_to_local', 455.00, '2026-04-26 17:43:00');
INSERT INTO balance_movements (movement_id, participant_id, movement_type, amount, created_at) VALUES (133, 133, 'global_to_local', 392.00, '2026-04-11 03:45:00');
INSERT INTO balance_movements (movement_id, participant_id, movement_type, amount, created_at) VALUES (134, 134, 'global_to_local', 445.00, '2026-04-11 03:47:00');
INSERT INTO balance_movements (movement_id, participant_id, movement_type, amount, created_at) VALUES (135, 135, 'global_to_local', 391.00, '2026-04-11 05:07:00');
INSERT INTO balance_movements (movement_id, participant_id, movement_type, amount, created_at) VALUES (136, 136, 'global_to_local', 988.00, '2026-04-11 05:16:00');
INSERT INTO balance_movements (movement_id, participant_id, movement_type, amount, created_at) VALUES (137, 137, 'global_to_local', 182.00, '2026-04-11 05:03:00');
INSERT INTO balance_movements (movement_id, participant_id, movement_type, amount, created_at) VALUES (138, 138, 'global_to_local', 882.00, '2026-01-11 21:34:00');
INSERT INTO balance_movements (movement_id, participant_id, movement_type, amount, created_at) VALUES (139, 139, 'global_to_local', 711.00, '2026-01-11 22:00:00');
INSERT INTO balance_movements (movement_id, participant_id, movement_type, amount, created_at) VALUES (140, 140, 'global_to_local', 281.00, '2026-04-27 05:35:00');
INSERT INTO balance_movements (movement_id, participant_id, movement_type, amount, created_at) VALUES (141, 141, 'global_to_local', 914.00, '2026-04-27 04:39:00');
INSERT INTO balance_movements (movement_id, participant_id, movement_type, amount, created_at) VALUES (142, 142, 'global_to_local', 727.00, '2026-04-27 05:37:00');
INSERT INTO balance_movements (movement_id, participant_id, movement_type, amount, created_at) VALUES (143, 143, 'global_to_local', 661.00, '2026-04-27 05:57:00');
INSERT INTO balance_movements (movement_id, participant_id, movement_type, amount, created_at) VALUES (144, 144, 'global_to_local', 901.00, '2026-04-27 04:42:00');
INSERT INTO balance_movements (movement_id, participant_id, movement_type, amount, created_at) VALUES (145, 145, 'global_to_local', 788.00, '2026-04-27 06:00:00');
INSERT INTO balance_movements (movement_id, participant_id, movement_type, amount, created_at) VALUES (146, 146, 'global_to_local', 820.00, '2026-02-01 00:11:00');
INSERT INTO balance_movements (movement_id, participant_id, movement_type, amount, created_at) VALUES (147, 147, 'global_to_local', 596.00, '2026-02-01 00:04:00');
INSERT INTO balance_movements (movement_id, participant_id, movement_type, amount, created_at) VALUES (148, 148, 'global_to_local', 470.00, '2026-01-31 23:55:00');
INSERT INTO balance_movements (movement_id, participant_id, movement_type, amount, created_at) VALUES (149, 149, 'global_to_local', 837.00, '2026-01-31 23:49:00');
INSERT INTO balance_movements (movement_id, participant_id, movement_type, amount, created_at) VALUES (150, 150, 'global_to_local', 470.00, '2026-01-31 23:48:00');
INSERT INTO balance_movements (movement_id, participant_id, movement_type, amount, created_at) VALUES (151, 1, 'local_to_global', 155.00, '2026-04-17 20:37:00');
INSERT INTO balance_movements (movement_id, participant_id, movement_type, amount, created_at) VALUES (152, 2, 'local_to_global', 201.00, '2026-04-17 20:37:00');
INSERT INTO balance_movements (movement_id, participant_id, movement_type, amount, created_at) VALUES (153, 4, 'local_to_global', 290.00, '2026-04-17 20:37:00');
INSERT INTO balance_movements (movement_id, participant_id, movement_type, amount, created_at) VALUES (154, 9, 'local_to_global', 79.00, '2026-02-22 23:51:00');
INSERT INTO balance_movements (movement_id, participant_id, movement_type, amount, created_at) VALUES (155, 20, 'local_to_global', 99.00, '2026-01-05 16:46:00');
INSERT INTO balance_movements (movement_id, participant_id, movement_type, amount, created_at) VALUES (156, 21, 'local_to_global', 81.00, '2026-01-05 16:46:00');
INSERT INTO balance_movements (movement_id, participant_id, movement_type, amount, created_at) VALUES (157, 23, 'local_to_global', 43.00, '2026-01-05 16:46:00');
INSERT INTO balance_movements (movement_id, participant_id, movement_type, amount, created_at) VALUES (158, 24, 'local_to_global', 240.00, '2026-01-05 16:46:00');
INSERT INTO balance_movements (movement_id, participant_id, movement_type, amount, created_at) VALUES (159, 25, 'local_to_global', 165.00, '2026-02-04 14:07:00');
INSERT INTO balance_movements (movement_id, participant_id, movement_type, amount, created_at) VALUES (160, 27, 'local_to_global', 97.00, '2026-02-04 14:07:00');
INSERT INTO balance_movements (movement_id, participant_id, movement_type, amount, created_at) VALUES (161, 28, 'local_to_global', 33.00, '2026-02-04 14:07:00');
INSERT INTO balance_movements (movement_id, participant_id, movement_type, amount, created_at) VALUES (162, 29, 'local_to_global', 90.00, '2026-02-04 14:07:00');
INSERT INTO balance_movements (movement_id, participant_id, movement_type, amount, created_at) VALUES (163, 30, 'local_to_global', 184.00, '2026-02-04 14:07:00');
INSERT INTO balance_movements (movement_id, participant_id, movement_type, amount, created_at) VALUES (164, 31, 'local_to_global', 173.00, '2026-02-04 14:07:00');
INSERT INTO balance_movements (movement_id, participant_id, movement_type, amount, created_at) VALUES (165, 34, 'local_to_global', 211.00, '2026-04-06 00:31:00');
INSERT INTO balance_movements (movement_id, participant_id, movement_type, amount, created_at) VALUES (166, 35, 'local_to_global', 154.00, '2026-04-06 00:31:00');
INSERT INTO balance_movements (movement_id, participant_id, movement_type, amount, created_at) VALUES (167, 37, 'local_to_global', 195.00, '2026-04-06 00:31:00');
INSERT INTO balance_movements (movement_id, participant_id, movement_type, amount, created_at) VALUES (168, 39, 'local_to_global', 270.00, '2026-02-21 07:28:00');
INSERT INTO balance_movements (movement_id, participant_id, movement_type, amount, created_at) VALUES (169, 40, 'local_to_global', 80.00, '2026-02-21 07:28:00');
INSERT INTO balance_movements (movement_id, participant_id, movement_type, amount, created_at) VALUES (170, 43, 'local_to_global', 36.00, '2026-01-03 06:57:00');
INSERT INTO balance_movements (movement_id, participant_id, movement_type, amount, created_at) VALUES (171, 44, 'local_to_global', 26.00, '2026-01-03 06:57:00');
INSERT INTO balance_movements (movement_id, participant_id, movement_type, amount, created_at) VALUES (172, 49, 'local_to_global', 152.00, '2026-04-06 20:13:00');
INSERT INTO balance_movements (movement_id, participant_id, movement_type, amount, created_at) VALUES (173, 50, 'local_to_global', 288.00, '2026-04-06 20:13:00');
INSERT INTO balance_movements (movement_id, participant_id, movement_type, amount, created_at) VALUES (174, 52, 'local_to_global', 132.00, '2026-03-22 23:11:00');
INSERT INTO balance_movements (movement_id, participant_id, movement_type, amount, created_at) VALUES (175, 53, 'local_to_global', 12.00, '2026-03-22 23:11:00');
INSERT INTO balance_movements (movement_id, participant_id, movement_type, amount, created_at) VALUES (176, 54, 'local_to_global', 157.00, '2026-03-22 23:11:00');
INSERT INTO balance_movements (movement_id, participant_id, movement_type, amount, created_at) VALUES (177, 55, 'local_to_global', 181.00, '2026-03-22 23:11:00');
INSERT INTO balance_movements (movement_id, participant_id, movement_type, amount, created_at) VALUES (178, 56, 'local_to_global', 67.00, '2026-03-22 23:11:00');
INSERT INTO balance_movements (movement_id, participant_id, movement_type, amount, created_at) VALUES (179, 57, 'local_to_global', 99.00, '2026-03-22 23:11:00');
INSERT INTO balance_movements (movement_id, participant_id, movement_type, amount, created_at) VALUES (180, 58, 'local_to_global', 254.00, '2026-03-22 23:11:00');
INSERT INTO balance_movements (movement_id, participant_id, movement_type, amount, created_at) VALUES (181, 61, 'local_to_global', 70.00, '2026-03-29 03:03:00');
INSERT INTO balance_movements (movement_id, participant_id, movement_type, amount, created_at) VALUES (182, 64, 'local_to_global', 136.00, '2026-03-29 03:03:00');
INSERT INTO balance_movements (movement_id, participant_id, movement_type, amount, created_at) VALUES (183, 66, 'local_to_global', 272.00, '2026-02-09 06:12:00');
INSERT INTO balance_movements (movement_id, participant_id, movement_type, amount, created_at) VALUES (184, 67, 'local_to_global', 33.00, '2026-02-09 06:12:00');
INSERT INTO balance_movements (movement_id, participant_id, movement_type, amount, created_at) VALUES (185, 68, 'local_to_global', 188.00, '2026-02-09 06:12:00');
INSERT INTO balance_movements (movement_id, participant_id, movement_type, amount, created_at) VALUES (186, 72, 'local_to_global', 221.00, '2026-03-29 18:57:00');
INSERT INTO balance_movements (movement_id, participant_id, movement_type, amount, created_at) VALUES (187, 74, 'local_to_global', 163.00, '2026-03-29 18:57:00');
INSERT INTO balance_movements (movement_id, participant_id, movement_type, amount, created_at) VALUES (188, 75, 'local_to_global', 140.00, '2026-02-09 22:33:00');
INSERT INTO balance_movements (movement_id, participant_id, movement_type, amount, created_at) VALUES (189, 76, 'local_to_global', 296.00, '2026-02-09 22:33:00');
INSERT INTO balance_movements (movement_id, participant_id, movement_type, amount, created_at) VALUES (190, 78, 'local_to_global', 114.00, '2026-02-09 22:33:00');
INSERT INTO balance_movements (movement_id, participant_id, movement_type, amount, created_at) VALUES (191, 81, 'local_to_global', 298.00, '2026-02-09 22:33:00');
INSERT INTO balance_movements (movement_id, participant_id, movement_type, amount, created_at) VALUES (192, 83, 'local_to_global', 265.00, '2026-03-21 10:02:00');
INSERT INTO balance_movements (movement_id, participant_id, movement_type, amount, created_at) VALUES (193, 85, 'local_to_global', 14.00, '2026-03-21 10:02:00');
INSERT INTO balance_movements (movement_id, participant_id, movement_type, amount, created_at) VALUES (194, 87, 'local_to_global', 59.00, '2026-03-21 10:02:00');
INSERT INTO balance_movements (movement_id, participant_id, movement_type, amount, created_at) VALUES (195, 89, 'local_to_global', 280.00, '2026-03-29 20:50:00');
INSERT INTO balance_movements (movement_id, participant_id, movement_type, amount, created_at) VALUES (196, 90, 'local_to_global', 48.00, '2026-03-29 20:50:00');
INSERT INTO balance_movements (movement_id, participant_id, movement_type, amount, created_at) VALUES (197, 92, 'local_to_global', 163.00, '2026-01-23 15:52:00');
INSERT INTO balance_movements (movement_id, participant_id, movement_type, amount, created_at) VALUES (198, 94, 'local_to_global', 233.00, '2026-01-13 20:59:00');
INSERT INTO balance_movements (movement_id, participant_id, movement_type, amount, created_at) VALUES (199, 95, 'local_to_global', 204.00, '2026-01-13 20:59:00');
INSERT INTO balance_movements (movement_id, participant_id, movement_type, amount, created_at) VALUES (200, 96, 'local_to_global', 52.00, '2026-01-13 20:59:00');
INSERT INTO balance_movements (movement_id, participant_id, movement_type, amount, created_at) VALUES (201, 97, 'local_to_global', 12.00, '2026-01-07 21:41:00');
INSERT INTO balance_movements (movement_id, participant_id, movement_type, amount, created_at) VALUES (202, 98, 'local_to_global', 55.00, '2026-01-07 21:41:00');
INSERT INTO balance_movements (movement_id, participant_id, movement_type, amount, created_at) VALUES (203, 101, 'local_to_global', 163.00, '2026-04-26 09:29:00');
INSERT INTO balance_movements (movement_id, participant_id, movement_type, amount, created_at) VALUES (204, 108, 'local_to_global', 257.00, '2026-02-21 05:22:00');
INSERT INTO balance_movements (movement_id, participant_id, movement_type, amount, created_at) VALUES (205, 110, 'local_to_global', 21.00, '2026-03-26 13:07:00');
INSERT INTO balance_movements (movement_id, participant_id, movement_type, amount, created_at) VALUES (206, 115, 'local_to_global', 105.00, '2026-04-15 04:55:00');
INSERT INTO balance_movements (movement_id, participant_id, movement_type, amount, created_at) VALUES (207, 116, 'local_to_global', 258.00, '2026-04-15 04:55:00');
INSERT INTO balance_movements (movement_id, participant_id, movement_type, amount, created_at) VALUES (208, 117, 'local_to_global', 150.00, '2026-04-15 04:55:00');
INSERT INTO balance_movements (movement_id, participant_id, movement_type, amount, created_at) VALUES (209, 118, 'local_to_global', 136.00, '2026-04-15 04:55:00');
INSERT INTO balance_movements (movement_id, participant_id, movement_type, amount, created_at) VALUES (210, 120, 'local_to_global', 115.00, '2026-04-15 04:55:00');
INSERT INTO balance_movements (movement_id, participant_id, movement_type, amount, created_at) VALUES (211, 123, 'local_to_global', 216.00, '2026-02-12 04:49:00');
INSERT INTO balance_movements (movement_id, participant_id, movement_type, amount, created_at) VALUES (212, 126, 'local_to_global', 60.00, '2026-02-12 04:49:00');
INSERT INTO balance_movements (movement_id, participant_id, movement_type, amount, created_at) VALUES (213, 130, 'local_to_global', 254.00, '2026-04-26 19:41:00');
INSERT INTO balance_movements (movement_id, participant_id, movement_type, amount, created_at) VALUES (214, 132, 'local_to_global', 83.00, '2026-04-26 19:41:00');
INSERT INTO balance_movements (movement_id, participant_id, movement_type, amount, created_at) VALUES (215, 134, 'local_to_global', 210.00, '2026-04-11 06:44:00');
INSERT INTO balance_movements (movement_id, participant_id, movement_type, amount, created_at) VALUES (216, 136, 'local_to_global', 280.00, '2026-04-11 06:44:00');
INSERT INTO balance_movements (movement_id, participant_id, movement_type, amount, created_at) VALUES (217, 138, 'local_to_global', 17.00, '2026-01-11 22:40:00');
INSERT INTO balance_movements (movement_id, participant_id, movement_type, amount, created_at) VALUES (218, 140, 'local_to_global', 168.00, '2026-04-27 06:00:00');
INSERT INTO balance_movements (movement_id, participant_id, movement_type, amount, created_at) VALUES (219, 141, 'local_to_global', 168.00, '2026-04-27 06:00:00');
INSERT INTO balance_movements (movement_id, participant_id, movement_type, amount, created_at) VALUES (220, 142, 'local_to_global', 93.00, '2026-04-27 06:00:00');
INSERT INTO balance_movements (movement_id, participant_id, movement_type, amount, created_at) VALUES (221, 145, 'local_to_global', 264.00, '2026-04-27 06:00:00');
INSERT INTO balance_movements (movement_id, participant_id, movement_type, amount, created_at) VALUES (222, 147, 'local_to_global', 32.00, '2026-02-01 01:19:00');
INSERT INTO balance_movements (movement_id, participant_id, movement_type, amount, created_at) VALUES (223, 150, 'local_to_global', 101.00, '2026-02-01 01:19:00');

-- bets
INSERT INTO bets (bet_id, participant_id, round_id, placed_at, amount, result, local_balance_change) VALUES (1, 1, 5, '2026-04-17 20:31:00', 49.00, 'lose', -49.00);
INSERT INTO bets (bet_id, participant_id, round_id, placed_at, amount, result, local_balance_change) VALUES (2, 1, 4, '2026-04-17 20:15:00', 71.00, 'win', 142.0000);
INSERT INTO bets (bet_id, participant_id, round_id, placed_at, amount, result, local_balance_change) VALUES (3, 2, 4, '2026-04-17 20:14:00', 49.00, 'win', 98.0000);
INSERT INTO bets (bet_id, participant_id, round_id, placed_at, amount, result, local_balance_change) VALUES (4, 2, 6, '2026-04-17 20:43:00', 49.00, 'win', 98.0000);
INSERT INTO bets (bet_id, participant_id, round_id, placed_at, amount, result, local_balance_change) VALUES (5, 2, 5, '2026-04-17 20:33:00', 49.00, 'lose', -49.00);
INSERT INTO bets (bet_id, participant_id, round_id, placed_at, amount, result, local_balance_change) VALUES (6, 2, 3, '2026-04-17 19:49:00', 49.00, 'win', 98.0000);
INSERT INTO bets (bet_id, participant_id, round_id, placed_at, amount, result, local_balance_change) VALUES (7, 3, 2, '2026-04-17 19:27:00', 49.00, 'lose', -49.00);
INSERT INTO bets (bet_id, participant_id, round_id, placed_at, amount, result, local_balance_change) VALUES (8, 3, 3, '2026-04-17 19:48:00', 49.00, 'win', 98.0000);
INSERT INTO bets (bet_id, participant_id, round_id, placed_at, amount, result, local_balance_change) VALUES (9, 4, 4, '2026-04-17 20:12:00', 49.00, 'lose', -49.00);
INSERT INTO bets (bet_id, participant_id, round_id, placed_at, amount, result, local_balance_change) VALUES (10, 5, 5, '2026-04-17 20:29:00', 49.00, 'win', 98.0000);
INSERT INTO bets (bet_id, participant_id, round_id, placed_at, amount, result, local_balance_change) VALUES (11, 5, 4, '2026-04-17 20:15:00', 49.00, 'lose', -49.00);
INSERT INTO bets (bet_id, participant_id, round_id, placed_at, amount, result, local_balance_change) VALUES (12, 6, 5, '2026-04-17 20:33:00', 77.00, 'win', 154.0000);
INSERT INTO bets (bet_id, participant_id, round_id, placed_at, amount, result, local_balance_change) VALUES (13, 6, 6, '2026-04-17 20:41:00', 74.00, 'win', 148.0000);
INSERT INTO bets (bet_id, participant_id, round_id, placed_at, amount, result, local_balance_change) VALUES (14, 7, 12, '2026-02-22 23:35:00', 74.00, 'lose', -74.00);
INSERT INTO bets (bet_id, participant_id, round_id, placed_at, amount, result, local_balance_change) VALUES (15, 7, 9, '2026-02-22 22:51:00', 86.00, 'win', 172.0000);
INSERT INTO bets (bet_id, participant_id, round_id, placed_at, amount, result, local_balance_change) VALUES (16, 8, 10, '2026-02-22 23:05:00', 61.00, 'win', 122.0000);
INSERT INTO bets (bet_id, participant_id, round_id, placed_at, amount, result, local_balance_change) VALUES (17, 8, 12, '2026-02-22 23:34:00', 50.00, 'lose', -50.00);
INSERT INTO bets (bet_id, participant_id, round_id, placed_at, amount, result, local_balance_change) VALUES (18, 8, 11, '2026-02-22 23:18:00', 50.00, 'win', 100.0000);
INSERT INTO bets (bet_id, participant_id, round_id, placed_at, amount, result, local_balance_change) VALUES (19, 8, 9, '2026-02-22 22:51:00', 50.00, 'win', 100.0000);
INSERT INTO bets (bet_id, participant_id, round_id, placed_at, amount, result, local_balance_change) VALUES (20, 9, 11, '2026-02-22 23:17:00', 70.00, 'lose', -70.00);
INSERT INTO bets (bet_id, participant_id, round_id, placed_at, amount, result, local_balance_change) VALUES (21, 9, 12, '2026-02-22 23:37:00', 100.00, 'lose', -100.00);
INSERT INTO bets (bet_id, participant_id, round_id, placed_at, amount, result, local_balance_change) VALUES (22, 10, 9, '2026-02-22 22:49:00', 50.00, 'win', 100.0000);
INSERT INTO bets (bet_id, participant_id, round_id, placed_at, amount, result, local_balance_change) VALUES (23, 11, 15, '2026-03-26 04:45:00', 43.00, 'win', 86.0000);
INSERT INTO bets (bet_id, participant_id, round_id, placed_at, amount, result, local_balance_change) VALUES (24, 11, 16, '2026-03-26 05:01:00', 43.00, 'lose', -43.00);
INSERT INTO bets (bet_id, participant_id, round_id, placed_at, amount, result, local_balance_change) VALUES (25, 12, 16, '2026-03-26 05:04:00', 96.00, 'lose', -96.00);
INSERT INTO bets (bet_id, participant_id, round_id, placed_at, amount, result, local_balance_change) VALUES (26, 12, 17, '2026-03-26 05:26:00', 44.00, 'win', 88.0000);
INSERT INTO bets (bet_id, participant_id, round_id, placed_at, amount, result, local_balance_change) VALUES (27, 12, 14, '2026-03-26 04:25:00', 89.00, 'lose', -89.00);
INSERT INTO bets (bet_id, participant_id, round_id, placed_at, amount, result, local_balance_change) VALUES (28, 12, 13, '2026-03-26 04:01:00', 67.00, 'lose', -67.00);
INSERT INTO bets (bet_id, participant_id, round_id, placed_at, amount, result, local_balance_change) VALUES (29, 13, 17, '2026-03-26 05:25:00', 43.00, 'lose', -43.00);
INSERT INTO bets (bet_id, participant_id, round_id, placed_at, amount, result, local_balance_change) VALUES (30, 13, 16, '2026-03-26 05:03:00', 43.00, 'win', 86.0000);
INSERT INTO bets (bet_id, participant_id, round_id, placed_at, amount, result, local_balance_change) VALUES (31, 13, 15, '2026-03-26 04:46:00', 85.00, 'lose', -85.00);
INSERT INTO bets (bet_id, participant_id, round_id, placed_at, amount, result, local_balance_change) VALUES (32, 14, 15, '2026-03-26 04:46:00', 58.00, 'win', 116.0000);
INSERT INTO bets (bet_id, participant_id, round_id, placed_at, amount, result, local_balance_change) VALUES (33, 14, 14, '2026-03-26 04:25:00', 79.00, 'lose', -79.00);
INSERT INTO bets (bet_id, participant_id, round_id, placed_at, amount, result, local_balance_change) VALUES (34, 14, 13, '2026-03-26 04:01:00', 82.00, 'win', 164.0000);
INSERT INTO bets (bet_id, participant_id, round_id, placed_at, amount, result, local_balance_change) VALUES (35, 15, 14, '2026-03-26 04:27:00', 43.00, 'win', 86.0000);
INSERT INTO bets (bet_id, participant_id, round_id, placed_at, amount, result, local_balance_change) VALUES (36, 16, 17, '2026-03-26 05:24:00', 43.00, 'win', 86.0000);
INSERT INTO bets (bet_id, participant_id, round_id, placed_at, amount, result, local_balance_change) VALUES (37, 17, 16, '2026-03-26 05:05:00', 73.00, 'win', 146.0000);
INSERT INTO bets (bet_id, participant_id, round_id, placed_at, amount, result, local_balance_change) VALUES (38, 17, 17, '2026-03-26 05:25:00', 43.00, 'lose', -43.00);
INSERT INTO bets (bet_id, participant_id, round_id, placed_at, amount, result, local_balance_change) VALUES (39, 18, 22, '2026-01-05 15:59:00', 51.00, 'lose', -51.00);
INSERT INTO bets (bet_id, participant_id, round_id, placed_at, amount, result, local_balance_change) VALUES (40, 18, 23, '2026-01-05 16:13:00', 32.00, 'win', 64.0000);
INSERT INTO bets (bet_id, participant_id, round_id, placed_at, amount, result, local_balance_change) VALUES (41, 18, 21, '2026-01-05 15:49:00', 95.00, 'win', 190.0000);
INSERT INTO bets (bet_id, participant_id, round_id, placed_at, amount, result, local_balance_change) VALUES (42, 19, 24, '2026-01-05 16:31:00', 28.00, 'lose', -28.00);
INSERT INTO bets (bet_id, participant_id, round_id, placed_at, amount, result, local_balance_change) VALUES (43, 19, 23, '2026-01-05 16:14:00', 26.00, 'win', 52.0000);
INSERT INTO bets (bet_id, participant_id, round_id, placed_at, amount, result, local_balance_change) VALUES (44, 19, 22, '2026-01-05 15:58:00', 10.00, 'lose', -10.00);
INSERT INTO bets (bet_id, participant_id, round_id, placed_at, amount, result, local_balance_change) VALUES (45, 19, 21, '2026-01-05 15:46:00', 92.00, 'lose', -92.00);
INSERT INTO bets (bet_id, participant_id, round_id, placed_at, amount, result, local_balance_change) VALUES (46, 20, 23, '2026-01-05 16:15:00', 71.00, 'lose', -71.00);
INSERT INTO bets (bet_id, participant_id, round_id, placed_at, amount, result, local_balance_change) VALUES (47, 21, 24, '2026-01-05 16:28:00', 66.00, 'win', 132.0000);
INSERT INTO bets (bet_id, participant_id, round_id, placed_at, amount, result, local_balance_change) VALUES (48, 22, 24, '2026-01-05 16:30:00', 64.00, 'win', 128.0000);
INSERT INTO bets (bet_id, participant_id, round_id, placed_at, amount, result, local_balance_change) VALUES (49, 23, 24, '2026-01-05 16:32:00', 71.00, 'win', 142.0000);
INSERT INTO bets (bet_id, participant_id, round_id, placed_at, amount, result, local_balance_change) VALUES (50, 24, 22, '2026-01-05 16:01:00', 93.00, 'lose', -93.00);
INSERT INTO bets (bet_id, participant_id, round_id, placed_at, amount, result, local_balance_change) VALUES (51, 24, 24, '2026-01-05 16:32:00', 53.00, 'lose', -53.00);
INSERT INTO bets (bet_id, participant_id, round_id, placed_at, amount, result, local_balance_change) VALUES (52, 24, 23, '2026-01-05 16:15:00', 10.00, 'win', 20.0000);
INSERT INTO bets (bet_id, participant_id, round_id, placed_at, amount, result, local_balance_change) VALUES (53, 25, 26, '2026-02-04 13:26:00', 100.00, 'win', 200.0000);
INSERT INTO bets (bet_id, participant_id, round_id, placed_at, amount, result, local_balance_change) VALUES (54, 25, 27, '2026-02-04 13:41:00', 56.00, 'win', 112.0000);
INSERT INTO bets (bet_id, participant_id, round_id, placed_at, amount, result, local_balance_change) VALUES (55, 26, 28, '2026-02-04 13:56:00', 42.00, 'win', 84.0000);
INSERT INTO bets (bet_id, participant_id, round_id, placed_at, amount, result, local_balance_change) VALUES (56, 27, 28, '2026-02-04 13:58:00', 32.00, 'lose', -32.00);
INSERT INTO bets (bet_id, participant_id, round_id, placed_at, amount, result, local_balance_change) VALUES (57, 27, 29, '2026-02-04 14:14:00', 69.00, 'win', 138.0000);
INSERT INTO bets (bet_id, participant_id, round_id, placed_at, amount, result, local_balance_change) VALUES (58, 27, 27, '2026-02-04 13:45:00', 83.00, 'win', 166.0000);
INSERT INTO bets (bet_id, participant_id, round_id, placed_at, amount, result, local_balance_change) VALUES (59, 28, 29, '2026-02-04 14:10:00', 73.00, 'win', 146.0000);
INSERT INTO bets (bet_id, participant_id, round_id, placed_at, amount, result, local_balance_change) VALUES (60, 29, 26, '2026-02-04 13:28:00', 80.00, 'win', 160.0000);
INSERT INTO bets (bet_id, participant_id, round_id, placed_at, amount, result, local_balance_change) VALUES (61, 29, 25, '2026-02-04 13:03:00', 81.00, 'lose', -81.00);
INSERT INTO bets (bet_id, participant_id, round_id, placed_at, amount, result, local_balance_change) VALUES (62, 29, 28, '2026-02-04 13:57:00', 62.00, 'win', 124.0000);
INSERT INTO bets (bet_id, participant_id, round_id, placed_at, amount, result, local_balance_change) VALUES (63, 29, 27, '2026-02-04 13:41:00', 39.00, 'lose', -39.00);
INSERT INTO bets (bet_id, participant_id, round_id, placed_at, amount, result, local_balance_change) VALUES (64, 30, 28, '2026-02-04 13:57:00', 54.00, 'lose', -54.00);
INSERT INTO bets (bet_id, participant_id, round_id, placed_at, amount, result, local_balance_change) VALUES (65, 31, 28, '2026-02-04 13:56:00', 92.00, 'lose', -92.00);
INSERT INTO bets (bet_id, participant_id, round_id, placed_at, amount, result, local_balance_change) VALUES (66, 31, 27, '2026-02-04 13:43:00', 52.00, 'win', 104.0000);
INSERT INTO bets (bet_id, participant_id, round_id, placed_at, amount, result, local_balance_change) VALUES (67, 32, 27, '2026-02-04 13:41:00', 32.00, 'win', 64.0000);
INSERT INTO bets (bet_id, participant_id, round_id, placed_at, amount, result, local_balance_change) VALUES (68, 32, 29, '2026-02-04 14:13:00', 32.00, 'lose', -32.00);
INSERT INTO bets (bet_id, participant_id, round_id, placed_at, amount, result, local_balance_change) VALUES (69, 32, 25, '2026-02-04 13:02:00', 79.00, 'lose', -79.00);
INSERT INTO bets (bet_id, participant_id, round_id, placed_at, amount, result, local_balance_change) VALUES (70, 32, 28, '2026-02-04 13:58:00', 32.00, 'lose', -32.00);
INSERT INTO bets (bet_id, participant_id, round_id, placed_at, amount, result, local_balance_change) VALUES (71, 33, 31, '2026-04-05 22:19:00', 98.00, 'win', 196.0000);
INSERT INTO bets (bet_id, participant_id, round_id, placed_at, amount, result, local_balance_change) VALUES (72, 34, 32, '2026-04-05 22:35:00', 40.00, 'lose', -40.00);
INSERT INTO bets (bet_id, participant_id, round_id, placed_at, amount, result, local_balance_change) VALUES (73, 35, 31, '2026-04-05 22:16:00', 28.00, 'lose', -28.00);
INSERT INTO bets (bet_id, participant_id, round_id, placed_at, amount, result, local_balance_change) VALUES (74, 36, 30, '2026-04-05 22:01:00', 69.00, 'win', 138.0000);
INSERT INTO bets (bet_id, participant_id, round_id, placed_at, amount, result, local_balance_change) VALUES (75, 36, 32, '2026-04-05 22:37:00', 56.00, 'win', 112.0000);
INSERT INTO bets (bet_id, participant_id, round_id, placed_at, amount, result, local_balance_change) VALUES (76, 37, 30, '2026-04-05 22:05:00', 52.00, 'win', 104.0000);
INSERT INTO bets (bet_id, participant_id, round_id, placed_at, amount, result, local_balance_change) VALUES (77, 38, 35, '2026-02-21 06:31:00', 10.00, 'lose', -10.00);
INSERT INTO bets (bet_id, participant_id, round_id, placed_at, amount, result, local_balance_change) VALUES (78, 39, 33, '2026-02-21 06:02:00', 88.00, 'win', 176.0000);
INSERT INTO bets (bet_id, participant_id, round_id, placed_at, amount, result, local_balance_change) VALUES (79, 39, 34, '2026-02-21 06:16:00', 13.00, 'lose', -13.00);
INSERT INTO bets (bet_id, participant_id, round_id, placed_at, amount, result, local_balance_change) VALUES (80, 39, 35, '2026-02-21 06:28:00', 44.00, 'lose', -44.00);
INSERT INTO bets (bet_id, participant_id, round_id, placed_at, amount, result, local_balance_change) VALUES (81, 40, 34, '2026-02-21 06:14:00', 65.00, 'win', 130.0000);
INSERT INTO bets (bet_id, participant_id, round_id, placed_at, amount, result, local_balance_change) VALUES (82, 41, 33, '2026-02-21 06:02:00', 67.00, 'lose', -67.00);
INSERT INTO bets (bet_id, participant_id, round_id, placed_at, amount, result, local_balance_change) VALUES (83, 41, 34, '2026-02-21 06:16:00', 78.00, 'win', 156.0000);
INSERT INTO bets (bet_id, participant_id, round_id, placed_at, amount, result, local_balance_change) VALUES (84, 42, 39, '2026-01-03 04:58:00', 51.00, 'lose', -51.00);
INSERT INTO bets (bet_id, participant_id, round_id, placed_at, amount, result, local_balance_change) VALUES (85, 43, 36, '2026-01-03 04:03:00', 47.00, 'lose', -47.00);
INSERT INTO bets (bet_id, participant_id, round_id, placed_at, amount, result, local_balance_change) VALUES (86, 43, 37, '2026-01-03 04:20:00', 87.00, 'win', 174.0000);
INSERT INTO bets (bet_id, participant_id, round_id, placed_at, amount, result, local_balance_change) VALUES (87, 43, 38, '2026-01-03 04:36:00', 75.00, 'lose', -75.00);
INSERT INTO bets (bet_id, participant_id, round_id, placed_at, amount, result, local_balance_change) VALUES (88, 43, 39, '2026-01-03 04:56:00', 77.00, 'lose', -77.00);
INSERT INTO bets (bet_id, participant_id, round_id, placed_at, amount, result, local_balance_change) VALUES (89, 44, 39, '2026-01-03 04:55:00', 47.00, 'lose', -47.00);
INSERT INTO bets (bet_id, participant_id, round_id, placed_at, amount, result, local_balance_change) VALUES (90, 45, 39, '2026-01-03 04:57:00', 47.00, 'win', 94.0000);
INSERT INTO bets (bet_id, participant_id, round_id, placed_at, amount, result, local_balance_change) VALUES (91, 46, 43, '2026-04-06 19:06:00', 20.00, 'lose', -20.00);
INSERT INTO bets (bet_id, participant_id, round_id, placed_at, amount, result, local_balance_change) VALUES (92, 47, 41, '2026-04-06 18:27:00', 67.00, 'win', 134.0000);
INSERT INTO bets (bet_id, participant_id, round_id, placed_at, amount, result, local_balance_change) VALUES (93, 47, 40, '2026-04-06 18:05:00', 42.00, 'lose', -42.00);
INSERT INTO bets (bet_id, participant_id, round_id, placed_at, amount, result, local_balance_change) VALUES (94, 48, 41, '2026-04-06 18:27:00', 59.00, 'lose', -59.00);
INSERT INTO bets (bet_id, participant_id, round_id, placed_at, amount, result, local_balance_change) VALUES (95, 49, 42, '2026-04-06 18:44:00', 79.00, 'lose', -79.00);
INSERT INTO bets (bet_id, participant_id, round_id, placed_at, amount, result, local_balance_change) VALUES (96, 50, 43, '2026-04-06 19:08:00', 91.00, 'win', 182.0000);
INSERT INTO bets (bet_id, participant_id, round_id, placed_at, amount, result, local_balance_change) VALUES (97, 50, 41, '2026-04-06 18:25:00', 41.00, 'lose', -41.00);
INSERT INTO bets (bet_id, participant_id, round_id, placed_at, amount, result, local_balance_change) VALUES (98, 50, 40, '2026-04-06 18:03:00', 72.00, 'lose', -72.00);
INSERT INTO bets (bet_id, participant_id, round_id, placed_at, amount, result, local_balance_change) VALUES (99, 51, 42, '2026-04-06 18:44:00', 51.00, 'lose', -51.00);
INSERT INTO bets (bet_id, participant_id, round_id, placed_at, amount, result, local_balance_change) VALUES (100, 52, 47, '2026-03-22 22:52:00', 57.00, 'lose', -57.00);
INSERT INTO bets (bet_id, participant_id, round_id, placed_at, amount, result, local_balance_change) VALUES (101, 52, 50, '2026-03-22 23:40:00', 35.00, 'win', 70.0000);
INSERT INTO bets (bet_id, participant_id, round_id, placed_at, amount, result, local_balance_change) VALUES (102, 52, 49, '2026-03-22 23:25:00', 35.00, 'lose', -35.00);
INSERT INTO bets (bet_id, participant_id, round_id, placed_at, amount, result, local_balance_change) VALUES (103, 53, 50, '2026-03-22 23:39:00', 35.00, 'win', 70.0000);
INSERT INTO bets (bet_id, participant_id, round_id, placed_at, amount, result, local_balance_change) VALUES (104, 53, 49, '2026-03-22 23:24:00', 43.00, 'lose', -43.00);
INSERT INTO bets (bet_id, participant_id, round_id, placed_at, amount, result, local_balance_change) VALUES (105, 54, 50, '2026-03-22 23:39:00', 53.00, 'lose', -53.00);
INSERT INTO bets (bet_id, participant_id, round_id, placed_at, amount, result, local_balance_change) VALUES (106, 55, 45, '2026-03-22 22:13:00', 95.00, 'win', 190.0000);
INSERT INTO bets (bet_id, participant_id, round_id, placed_at, amount, result, local_balance_change) VALUES (107, 55, 47, '2026-03-22 22:49:00', 54.00, 'win', 108.0000);
INSERT INTO bets (bet_id, participant_id, round_id, placed_at, amount, result, local_balance_change) VALUES (108, 55, 49, '2026-03-22 23:25:00', 51.00, 'lose', -51.00);
INSERT INTO bets (bet_id, participant_id, round_id, placed_at, amount, result, local_balance_change) VALUES (109, 55, 48, '2026-03-22 23:03:00', 96.00, 'lose', -96.00);
INSERT INTO bets (bet_id, participant_id, round_id, placed_at, amount, result, local_balance_change) VALUES (110, 55, 44, '2026-03-22 22:05:00', 35.00, 'lose', -35.00);
INSERT INTO bets (bet_id, participant_id, round_id, placed_at, amount, result, local_balance_change) VALUES (111, 56, 49, '2026-03-22 23:25:00', 83.00, 'lose', -83.00);
INSERT INTO bets (bet_id, participant_id, round_id, placed_at, amount, result, local_balance_change) VALUES (112, 56, 50, '2026-03-22 23:38:00', 65.00, 'lose', -65.00);
INSERT INTO bets (bet_id, participant_id, round_id, placed_at, amount, result, local_balance_change) VALUES (113, 57, 49, '2026-03-22 23:26:00', 95.00, 'lose', -95.00);
INSERT INTO bets (bet_id, participant_id, round_id, placed_at, amount, result, local_balance_change) VALUES (114, 58, 44, '2026-03-22 22:02:00', 52.00, 'win', 104.0000);
INSERT INTO bets (bet_id, participant_id, round_id, placed_at, amount, result, local_balance_change) VALUES (115, 59, 53, '2026-03-29 01:49:00', 43.00, 'win', 86.0000);
INSERT INTO bets (bet_id, participant_id, round_id, placed_at, amount, result, local_balance_change) VALUES (116, 60, 53, '2026-03-29 01:49:00', 58.00, 'lose', -58.00);
INSERT INTO bets (bet_id, participant_id, round_id, placed_at, amount, result, local_balance_change) VALUES (117, 61, 53, '2026-03-29 01:48:00', 43.00, 'lose', -43.00);
INSERT INTO bets (bet_id, participant_id, round_id, placed_at, amount, result, local_balance_change) VALUES (118, 62, 52, '2026-03-29 01:30:00', 43.00, 'lose', -43.00);
INSERT INTO bets (bet_id, participant_id, round_id, placed_at, amount, result, local_balance_change) VALUES (119, 62, 53, '2026-03-29 01:47:00', 91.00, 'lose', -91.00);
INSERT INTO bets (bet_id, participant_id, round_id, placed_at, amount, result, local_balance_change) VALUES (120, 63, 53, '2026-03-29 01:48:00', 43.00, 'lose', -43.00);
INSERT INTO bets (bet_id, participant_id, round_id, placed_at, amount, result, local_balance_change) VALUES (121, 64, 51, '2026-03-29 01:05:00', 54.00, 'lose', -54.00);
INSERT INTO bets (bet_id, participant_id, round_id, placed_at, amount, result, local_balance_change) VALUES (122, 65, 53, '2026-03-29 01:51:00', 68.00, 'lose', -68.00);
INSERT INTO bets (bet_id, participant_id, round_id, placed_at, amount, result, local_balance_change) VALUES (123, 66, 55, '2026-02-09 05:23:00', 69.00, 'win', 138.0000);
INSERT INTO bets (bet_id, participant_id, round_id, placed_at, amount, result, local_balance_change) VALUES (124, 66, 56, '2026-02-09 05:36:00', 42.00, 'lose', -42.00);
INSERT INTO bets (bet_id, participant_id, round_id, placed_at, amount, result, local_balance_change) VALUES (125, 66, 57, '2026-02-09 06:01:00', 88.00, 'win', 176.0000);
INSERT INTO bets (bet_id, participant_id, round_id, placed_at, amount, result, local_balance_change) VALUES (126, 66, 59, '2026-02-09 06:29:00', 63.00, 'win', 126.0000);
INSERT INTO bets (bet_id, participant_id, round_id, placed_at, amount, result, local_balance_change) VALUES (127, 66, 58, '2026-02-09 06:12:00', 58.00, 'win', 116.0000);
INSERT INTO bets (bet_id, participant_id, round_id, placed_at, amount, result, local_balance_change) VALUES (128, 67, 54, '2026-02-09 05:03:00', 8.00, 'lose', -8.00);
INSERT INTO bets (bet_id, participant_id, round_id, placed_at, amount, result, local_balance_change) VALUES (129, 67, 56, '2026-02-09 05:39:00', 93.00, 'win', 186.0000);
INSERT INTO bets (bet_id, participant_id, round_id, placed_at, amount, result, local_balance_change) VALUES (130, 67, 55, '2026-02-09 05:23:00', 33.00, 'win', 66.0000);
INSERT INTO bets (bet_id, participant_id, round_id, placed_at, amount, result, local_balance_change) VALUES (131, 68, 56, '2026-02-09 05:39:00', 8.00, 'win', 16.0000);
INSERT INTO bets (bet_id, participant_id, round_id, placed_at, amount, result, local_balance_change) VALUES (132, 68, 55, '2026-02-09 05:25:00', 8.00, 'lose', -8.00);
INSERT INTO bets (bet_id, participant_id, round_id, placed_at, amount, result, local_balance_change) VALUES (133, 68, 59, '2026-02-09 06:28:00', 24.00, 'win', 48.0000);
INSERT INTO bets (bet_id, participant_id, round_id, placed_at, amount, result, local_balance_change) VALUES (134, 68, 57, '2026-02-09 06:00:00', 48.00, 'lose', -48.00);
INSERT INTO bets (bet_id, participant_id, round_id, placed_at, amount, result, local_balance_change) VALUES (135, 68, 58, '2026-02-09 06:09:00', 49.00, 'lose', -49.00);
INSERT INTO bets (bet_id, participant_id, round_id, placed_at, amount, result, local_balance_change) VALUES (136, 69, 67, '2026-03-29 19:24:00', 17.00, 'win', 34.0000);
INSERT INTO bets (bet_id, participant_id, round_id, placed_at, amount, result, local_balance_change) VALUES (137, 69, 66, '2026-03-29 19:07:00', 97.00, 'win', 194.0000);
INSERT INTO bets (bet_id, participant_id, round_id, placed_at, amount, result, local_balance_change) VALUES (138, 69, 65, '2026-03-29 18:45:00', 60.00, 'lose', -60.00);
INSERT INTO bets (bet_id, participant_id, round_id, placed_at, amount, result, local_balance_change) VALUES (139, 69, 64, '2026-03-29 18:20:00', 49.00, 'win', 98.0000);
INSERT INTO bets (bet_id, participant_id, round_id, placed_at, amount, result, local_balance_change) VALUES (140, 69, 63, '2026-03-29 17:59:00', 59.00, 'lose', -59.00);
INSERT INTO bets (bet_id, participant_id, round_id, placed_at, amount, result, local_balance_change) VALUES (141, 70, 65, '2026-03-29 18:42:00', 99.00, 'win', 198.0000);
INSERT INTO bets (bet_id, participant_id, round_id, placed_at, amount, result, local_balance_change) VALUES (142, 70, 67, '2026-03-29 19:24:00', 27.00, 'win', 54.0000);
INSERT INTO bets (bet_id, participant_id, round_id, placed_at, amount, result, local_balance_change) VALUES (143, 70, 66, '2026-03-29 19:08:00', 77.00, 'win', 154.0000);
INSERT INTO bets (bet_id, participant_id, round_id, placed_at, amount, result, local_balance_change) VALUES (144, 70, 63, '2026-03-29 17:59:00', 77.00, 'win', 154.0000);
INSERT INTO bets (bet_id, participant_id, round_id, placed_at, amount, result, local_balance_change) VALUES (145, 70, 64, '2026-03-29 18:22:00', 95.00, 'win', 190.0000);
INSERT INTO bets (bet_id, participant_id, round_id, placed_at, amount, result, local_balance_change) VALUES (146, 71, 66, '2026-03-29 19:06:00', 18.00, 'lose', -18.00);
INSERT INTO bets (bet_id, participant_id, round_id, placed_at, amount, result, local_balance_change) VALUES (147, 72, 61, '2026-03-29 17:22:00', 39.00, 'win', 78.0000);
INSERT INTO bets (bet_id, participant_id, round_id, placed_at, amount, result, local_balance_change) VALUES (148, 73, 65, '2026-03-29 18:44:00', 72.00, 'win', 144.0000);
INSERT INTO bets (bet_id, participant_id, round_id, placed_at, amount, result, local_balance_change) VALUES (149, 74, 67, '2026-03-29 19:27:00', 90.00, 'lose', -90.00);
INSERT INTO bets (bet_id, participant_id, round_id, placed_at, amount, result, local_balance_change) VALUES (150, 74, 66, '2026-03-29 19:08:00', 20.00, 'lose', -20.00);
INSERT INTO bets (bet_id, participant_id, round_id, placed_at, amount, result, local_balance_change) VALUES (151, 74, 65, '2026-03-29 18:42:00', 24.00, 'lose', -24.00);
INSERT INTO bets (bet_id, participant_id, round_id, placed_at, amount, result, local_balance_change) VALUES (152, 75, 70, '2026-02-09 21:31:00', 8.00, 'lose', -8.00);
INSERT INTO bets (bet_id, participant_id, round_id, placed_at, amount, result, local_balance_change) VALUES (153, 75, 69, '2026-02-09 21:19:00', 72.00, 'win', 144.0000);
INSERT INTO bets (bet_id, participant_id, round_id, placed_at, amount, result, local_balance_change) VALUES (154, 76, 72, '2026-02-09 22:13:00', 48.00, 'win', 96.0000);
INSERT INTO bets (bet_id, participant_id, round_id, placed_at, amount, result, local_balance_change) VALUES (155, 76, 68, '2026-02-09 21:01:00', 93.00, 'win', 186.0000);
INSERT INTO bets (bet_id, participant_id, round_id, placed_at, amount, result, local_balance_change) VALUES (156, 76, 71, '2026-02-09 21:49:00', 35.00, 'lose', -35.00);
INSERT INTO bets (bet_id, participant_id, round_id, placed_at, amount, result, local_balance_change) VALUES (157, 76, 70, '2026-02-09 21:28:00', 78.00, 'win', 156.0000);
INSERT INTO bets (bet_id, participant_id, round_id, placed_at, amount, result, local_balance_change) VALUES (158, 77, 68, '2026-02-09 21:03:00', 62.00, 'win', 124.0000);
INSERT INTO bets (bet_id, participant_id, round_id, placed_at, amount, result, local_balance_change) VALUES (159, 78, 71, '2026-02-09 21:48:00', 95.00, 'win', 190.0000);
INSERT INTO bets (bet_id, participant_id, round_id, placed_at, amount, result, local_balance_change) VALUES (160, 79, 69, '2026-02-09 21:18:00', 31.00, 'lose', -31.00);
INSERT INTO bets (bet_id, participant_id, round_id, placed_at, amount, result, local_balance_change) VALUES (161, 80, 70, '2026-02-09 21:32:00', 34.00, 'lose', -34.00);
INSERT INTO bets (bet_id, participant_id, round_id, placed_at, amount, result, local_balance_change) VALUES (162, 80, 72, '2026-02-09 22:09:00', 64.00, 'lose', -64.00);
INSERT INTO bets (bet_id, participant_id, round_id, placed_at, amount, result, local_balance_change) VALUES (163, 81, 71, '2026-02-09 21:48:00', 48.00, 'lose', -48.00);
INSERT INTO bets (bet_id, participant_id, round_id, placed_at, amount, result, local_balance_change) VALUES (164, 82, 72, '2026-02-09 22:13:00', 7.00, 'lose', -7.00);
INSERT INTO bets (bet_id, participant_id, round_id, placed_at, amount, result, local_balance_change) VALUES (165, 83, 80, '2026-03-21 09:57:00', 43.00, 'win', 86.0000);
INSERT INTO bets (bet_id, participant_id, round_id, placed_at, amount, result, local_balance_change) VALUES (166, 84, 80, '2026-03-21 09:57:00', 33.00, 'lose', -33.00);
INSERT INTO bets (bet_id, participant_id, round_id, placed_at, amount, result, local_balance_change) VALUES (167, 85, 80, '2026-03-21 09:58:00', 63.00, 'win', 126.0000);
INSERT INTO bets (bet_id, participant_id, round_id, placed_at, amount, result, local_balance_change) VALUES (168, 85, 79, '2026-03-21 09:38:00', 83.00, 'win', 166.0000);
INSERT INTO bets (bet_id, participant_id, round_id, placed_at, amount, result, local_balance_change) VALUES (169, 85, 76, '2026-03-21 08:45:00', 32.00, 'win', 64.0000);
INSERT INTO bets (bet_id, participant_id, round_id, placed_at, amount, result, local_balance_change) VALUES (170, 85, 78, '2026-03-21 09:21:00', 98.00, 'win', 196.0000);
INSERT INTO bets (bet_id, participant_id, round_id, placed_at, amount, result, local_balance_change) VALUES (171, 85, 77, '2026-03-21 09:02:00', 32.00, 'win', 64.0000);
INSERT INTO bets (bet_id, participant_id, round_id, placed_at, amount, result, local_balance_change) VALUES (172, 86, 80, '2026-03-21 09:57:00', 32.00, 'lose', -32.00);
INSERT INTO bets (bet_id, participant_id, round_id, placed_at, amount, result, local_balance_change) VALUES (173, 86, 79, '2026-03-21 09:38:00', 32.00, 'win', 64.0000);
INSERT INTO bets (bet_id, participant_id, round_id, placed_at, amount, result, local_balance_change) VALUES (174, 87, 79, '2026-03-21 09:35:00', 65.00, 'lose', -65.00);
INSERT INTO bets (bet_id, participant_id, round_id, placed_at, amount, result, local_balance_change) VALUES (175, 88, 80, '2026-03-21 09:57:00', 46.00, 'lose', -46.00);
INSERT INTO bets (bet_id, participant_id, round_id, placed_at, amount, result, local_balance_change) VALUES (176, 88, 79, '2026-03-21 09:37:00', 32.00, 'lose', -32.00);
INSERT INTO bets (bet_id, participant_id, round_id, placed_at, amount, result, local_balance_change) VALUES (177, 88, 77, '2026-03-21 09:03:00', 59.00, 'win', 118.0000);
INSERT INTO bets (bet_id, participant_id, round_id, placed_at, amount, result, local_balance_change) VALUES (178, 89, 84, '2026-03-29 18:48:00', 71.00, 'lose', -71.00);
INSERT INTO bets (bet_id, participant_id, round_id, placed_at, amount, result, local_balance_change) VALUES (179, 89, 83, '2026-03-29 18:29:00', 82.00, 'win', 164.0000);
INSERT INTO bets (bet_id, participant_id, round_id, placed_at, amount, result, local_balance_change) VALUES (180, 89, 82, '2026-03-29 18:16:00', 35.00, 'lose', -35.00);
INSERT INTO bets (bet_id, participant_id, round_id, placed_at, amount, result, local_balance_change) VALUES (181, 89, 85, '2026-03-29 19:14:00', 83.00, 'lose', -83.00);
INSERT INTO bets (bet_id, participant_id, round_id, placed_at, amount, result, local_balance_change) VALUES (182, 90, 87, '2026-03-29 19:57:00', 35.00, 'lose', -35.00);
INSERT INTO bets (bet_id, participant_id, round_id, placed_at, amount, result, local_balance_change) VALUES (183, 91, 90, '2026-01-23 14:32:00', 70.00, 'win', 140.0000);
INSERT INTO bets (bet_id, participant_id, round_id, placed_at, amount, result, local_balance_change) VALUES (184, 92, 90, '2026-01-23 14:34:00', 76.00, 'win', 152.0000);
INSERT INTO bets (bet_id, participant_id, round_id, placed_at, amount, result, local_balance_change) VALUES (185, 93, 95, '2026-01-13 20:19:00', 73.00, 'win', 146.0000);
INSERT INTO bets (bet_id, participant_id, round_id, placed_at, amount, result, local_balance_change) VALUES (186, 94, 95, '2026-01-13 20:15:00', 65.00, 'lose', -65.00);
INSERT INTO bets (bet_id, participant_id, round_id, placed_at, amount, result, local_balance_change) VALUES (187, 95, 94, '2026-01-13 20:02:00', 50.00, 'lose', -50.00);
INSERT INTO bets (bet_id, participant_id, round_id, placed_at, amount, result, local_balance_change) VALUES (188, 95, 93, '2026-01-13 19:42:00', 63.00, 'win', 126.0000);
INSERT INTO bets (bet_id, participant_id, round_id, placed_at, amount, result, local_balance_change) VALUES (189, 95, 95, '2026-01-13 20:18:00', 71.00, 'lose', -71.00);
INSERT INTO bets (bet_id, participant_id, round_id, placed_at, amount, result, local_balance_change) VALUES (190, 96, 94, '2026-01-13 20:00:00', 99.00, 'lose', -99.00);
INSERT INTO bets (bet_id, participant_id, round_id, placed_at, amount, result, local_balance_change) VALUES (191, 97, 100, '2026-01-07 20:06:00', 92.00, 'win', 184.0000);
INSERT INTO bets (bet_id, participant_id, round_id, placed_at, amount, result, local_balance_change) VALUES (192, 97, 98, '2026-01-07 19:28:00', 41.00, 'lose', -41.00);
INSERT INTO bets (bet_id, participant_id, round_id, placed_at, amount, result, local_balance_change) VALUES (193, 98, 97, '2026-01-07 19:16:00', 14.00, 'win', 28.0000);
INSERT INTO bets (bet_id, participant_id, round_id, placed_at, amount, result, local_balance_change) VALUES (194, 98, 100, '2026-01-07 20:06:00', 24.00, 'lose', -24.00);
INSERT INTO bets (bet_id, participant_id, round_id, placed_at, amount, result, local_balance_change) VALUES (195, 98, 98, '2026-01-07 19:28:00', 72.00, 'lose', -72.00);
INSERT INTO bets (bet_id, participant_id, round_id, placed_at, amount, result, local_balance_change) VALUES (196, 99, 99, '2026-01-07 19:52:00', 8.00, 'lose', -8.00);
INSERT INTO bets (bet_id, participant_id, round_id, placed_at, amount, result, local_balance_change) VALUES (197, 99, 97, '2026-01-07 19:20:00', 50.00, 'win', 100.0000);
INSERT INTO bets (bet_id, participant_id, round_id, placed_at, amount, result, local_balance_change) VALUES (198, 99, 100, '2026-01-07 20:06:00', 32.00, 'win', 64.0000);
INSERT INTO bets (bet_id, participant_id, round_id, placed_at, amount, result, local_balance_change) VALUES (199, 99, 96, '2026-01-07 19:03:00', 22.00, 'win', 44.0000);
INSERT INTO bets (bet_id, participant_id, round_id, placed_at, amount, result, local_balance_change) VALUES (200, 100, 99, '2026-01-07 19:50:00', 19.00, 'win', 38.0000);
INSERT INTO bets (bet_id, participant_id, round_id, placed_at, amount, result, local_balance_change) VALUES (201, 100, 100, '2026-01-07 20:06:00', 56.00, 'lose', -56.00);
INSERT INTO bets (bet_id, participant_id, round_id, placed_at, amount, result, local_balance_change) VALUES (202, 101, 108, '2026-04-26 09:58:00', 79.00, 'win', 158.0000);
INSERT INTO bets (bet_id, participant_id, round_id, placed_at, amount, result, local_balance_change) VALUES (203, 101, 103, '2026-04-26 08:30:00', 35.00, 'win', 70.0000);
INSERT INTO bets (bet_id, participant_id, round_id, placed_at, amount, result, local_balance_change) VALUES (204, 101, 107, '2026-04-26 09:43:00', 35.00, 'lose', -35.00);
INSERT INTO bets (bet_id, participant_id, round_id, placed_at, amount, result, local_balance_change) VALUES (205, 101, 106, '2026-04-26 09:32:00', 80.00, 'lose', -80.00);
INSERT INTO bets (bet_id, participant_id, round_id, placed_at, amount, result, local_balance_change) VALUES (206, 101, 104, '2026-04-26 08:48:00', 57.00, 'lose', -57.00);
INSERT INTO bets (bet_id, participant_id, round_id, placed_at, amount, result, local_balance_change) VALUES (207, 102, 101, '2026-04-26 08:02:00', 62.00, 'lose', -62.00);
INSERT INTO bets (bet_id, participant_id, round_id, placed_at, amount, result, local_balance_change) VALUES (208, 103, 107, '2026-04-26 09:45:00', 95.00, 'lose', -95.00);
INSERT INTO bets (bet_id, participant_id, round_id, placed_at, amount, result, local_balance_change) VALUES (209, 103, 108, '2026-04-26 09:58:00', 35.00, 'lose', -35.00);
INSERT INTO bets (bet_id, participant_id, round_id, placed_at, amount, result, local_balance_change) VALUES (210, 104, 107, '2026-04-26 09:45:00', 76.00, 'win', 152.0000);
INSERT INTO bets (bet_id, participant_id, round_id, placed_at, amount, result, local_balance_change) VALUES (211, 104, 105, '2026-04-26 09:11:00', 35.00, 'lose', -35.00);
INSERT INTO bets (bet_id, participant_id, round_id, placed_at, amount, result, local_balance_change) VALUES (212, 105, 113, '2026-02-21 03:58:00', 89.00, 'win', 178.0000);
INSERT INTO bets (bet_id, participant_id, round_id, placed_at, amount, result, local_balance_change) VALUES (213, 106, 112, '2026-02-21 03:39:00', 92.00, 'lose', -92.00);
INSERT INTO bets (bet_id, participant_id, round_id, placed_at, amount, result, local_balance_change) VALUES (214, 106, 113, '2026-02-21 03:59:00', 10.00, 'lose', -10.00);
INSERT INTO bets (bet_id, participant_id, round_id, placed_at, amount, result, local_balance_change) VALUES (215, 107, 109, '2026-02-21 03:05:00', 8.00, 'lose', -8.00);
INSERT INTO bets (bet_id, participant_id, round_id, placed_at, amount, result, local_balance_change) VALUES (216, 107, 110, '2026-02-21 03:14:00', 77.00, 'win', 154.0000);
INSERT INTO bets (bet_id, participant_id, round_id, placed_at, amount, result, local_balance_change) VALUES (217, 107, 111, '2026-02-21 03:29:00', 99.00, 'win', 198.0000);
INSERT INTO bets (bet_id, participant_id, round_id, placed_at, amount, result, local_balance_change) VALUES (218, 107, 112, '2026-02-21 03:40:00', 22.00, 'win', 44.0000);
INSERT INTO bets (bet_id, participant_id, round_id, placed_at, amount, result, local_balance_change) VALUES (219, 107, 113, '2026-02-21 03:57:00', 83.00, 'lose', -83.00);
INSERT INTO bets (bet_id, participant_id, round_id, placed_at, amount, result, local_balance_change) VALUES (220, 108, 111, '2026-02-21 03:30:00', 29.00, 'win', 58.0000);
INSERT INTO bets (bet_id, participant_id, round_id, placed_at, amount, result, local_balance_change) VALUES (221, 108, 112, '2026-02-21 03:39:00', 48.00, 'lose', -48.00);
INSERT INTO bets (bet_id, participant_id, round_id, placed_at, amount, result, local_balance_change) VALUES (222, 108, 113, '2026-02-21 03:57:00', 99.00, 'win', 198.0000);
INSERT INTO bets (bet_id, participant_id, round_id, placed_at, amount, result, local_balance_change) VALUES (223, 109, 121, '2026-03-26 13:59:00', 54.00, 'win', 108.0000);
INSERT INTO bets (bet_id, participant_id, round_id, placed_at, amount, result, local_balance_change) VALUES (224, 109, 120, '2026-03-26 13:45:00', 94.00, 'win', 188.0000);
INSERT INTO bets (bet_id, participant_id, round_id, placed_at, amount, result, local_balance_change) VALUES (225, 110, 121, '2026-03-26 14:02:00', 61.00, 'win', 122.0000);
INSERT INTO bets (bet_id, participant_id, round_id, placed_at, amount, result, local_balance_change) VALUES (226, 110, 118, '2026-03-26 13:16:00', 93.00, 'lose', -93.00);
INSERT INTO bets (bet_id, participant_id, round_id, placed_at, amount, result, local_balance_change) VALUES (227, 110, 117, '2026-03-26 12:55:00', 34.00, 'lose', -34.00);
INSERT INTO bets (bet_id, participant_id, round_id, placed_at, amount, result, local_balance_change) VALUES (228, 111, 125, '2026-01-09 05:49:00', 23.00, 'win', 46.0000);
INSERT INTO bets (bet_id, participant_id, round_id, placed_at, amount, result, local_balance_change) VALUES (229, 111, 126, '2026-01-09 06:15:00', 72.00, 'lose', -72.00);
INSERT INTO bets (bet_id, participant_id, round_id, placed_at, amount, result, local_balance_change) VALUES (230, 111, 127, '2026-01-09 06:26:00', 30.00, 'lose', -30.00);
INSERT INTO bets (bet_id, participant_id, round_id, placed_at, amount, result, local_balance_change) VALUES (231, 111, 123, '2026-01-09 05:20:00', 24.00, 'lose', -24.00);
INSERT INTO bets (bet_id, participant_id, round_id, placed_at, amount, result, local_balance_change) VALUES (232, 111, 122, '2026-01-09 05:04:00', 8.00, 'win', 16.0000);
INSERT INTO bets (bet_id, participant_id, round_id, placed_at, amount, result, local_balance_change) VALUES (233, 112, 125, '2026-01-09 05:51:00', 36.00, 'win', 72.0000);
INSERT INTO bets (bet_id, participant_id, round_id, placed_at, amount, result, local_balance_change) VALUES (234, 112, 126, '2026-01-09 06:14:00', 14.00, 'win', 28.0000);
INSERT INTO bets (bet_id, participant_id, round_id, placed_at, amount, result, local_balance_change) VALUES (235, 113, 127, '2026-01-09 06:27:00', 59.00, 'win', 118.0000);
INSERT INTO bets (bet_id, participant_id, round_id, placed_at, amount, result, local_balance_change) VALUES (236, 114, 122, '2026-01-09 05:03:00', 15.00, 'lose', -15.00);
INSERT INTO bets (bet_id, participant_id, round_id, placed_at, amount, result, local_balance_change) VALUES (237, 114, 123, '2026-01-09 05:19:00', 59.00, 'win', 118.0000);
INSERT INTO bets (bet_id, participant_id, round_id, placed_at, amount, result, local_balance_change) VALUES (238, 114, 127, '2026-01-09 06:26:00', 79.00, 'win', 158.0000);
INSERT INTO bets (bet_id, participant_id, round_id, placed_at, amount, result, local_balance_change) VALUES (239, 114, 125, '2026-01-09 05:48:00', 41.00, 'win', 82.0000);
INSERT INTO bets (bet_id, participant_id, round_id, placed_at, amount, result, local_balance_change) VALUES (240, 114, 124, '2026-01-09 05:36:00', 40.00, 'win', 80.0000);
INSERT INTO bets (bet_id, participant_id, round_id, placed_at, amount, result, local_balance_change) VALUES (241, 115, 131, '2026-04-15 03:16:00', 77.00, 'win', 154.0000);
INSERT INTO bets (bet_id, participant_id, round_id, placed_at, amount, result, local_balance_change) VALUES (242, 115, 134, '2026-04-15 04:05:00', 50.00, 'lose', -50.00);
INSERT INTO bets (bet_id, participant_id, round_id, placed_at, amount, result, local_balance_change) VALUES (243, 115, 133, '2026-04-15 03:50:00', 63.00, 'win', 126.0000);
INSERT INTO bets (bet_id, participant_id, round_id, placed_at, amount, result, local_balance_change) VALUES (244, 115, 132, '2026-04-15 03:30:00', 34.00, 'lose', -34.00);
INSERT INTO bets (bet_id, participant_id, round_id, placed_at, amount, result, local_balance_change) VALUES (245, 116, 134, '2026-04-15 04:06:00', 58.00, 'win', 116.0000);
INSERT INTO bets (bet_id, participant_id, round_id, placed_at, amount, result, local_balance_change) VALUES (246, 117, 130, '2026-04-15 02:50:00', 88.00, 'lose', -88.00);
INSERT INTO bets (bet_id, participant_id, round_id, placed_at, amount, result, local_balance_change) VALUES (247, 117, 132, '2026-04-15 03:31:00', 91.00, 'lose', -91.00);
INSERT INTO bets (bet_id, participant_id, round_id, placed_at, amount, result, local_balance_change) VALUES (248, 117, 133, '2026-04-15 03:50:00', 34.00, 'win', 68.0000);
INSERT INTO bets (bet_id, participant_id, round_id, placed_at, amount, result, local_balance_change) VALUES (249, 117, 134, '2026-04-15 04:06:00', 34.00, 'win', 68.0000);
INSERT INTO bets (bet_id, participant_id, round_id, placed_at, amount, result, local_balance_change) VALUES (250, 118, 131, '2026-04-15 03:16:00', 96.00, 'lose', -96.00);
INSERT INTO bets (bet_id, participant_id, round_id, placed_at, amount, result, local_balance_change) VALUES (251, 118, 132, '2026-04-15 03:32:00', 66.00, 'win', 132.0000);
INSERT INTO bets (bet_id, participant_id, round_id, placed_at, amount, result, local_balance_change) VALUES (252, 118, 128, '2026-04-15 02:05:00', 34.00, 'lose', -34.00);
INSERT INTO bets (bet_id, participant_id, round_id, placed_at, amount, result, local_balance_change) VALUES (253, 118, 130, '2026-04-15 02:50:00', 47.00, 'win', 94.0000);
INSERT INTO bets (bet_id, participant_id, round_id, placed_at, amount, result, local_balance_change) VALUES (254, 118, 129, '2026-04-15 02:28:00', 70.00, 'win', 140.0000);
INSERT INTO bets (bet_id, participant_id, round_id, placed_at, amount, result, local_balance_change) VALUES (255, 119, 133, '2026-04-15 03:48:00', 34.00, 'lose', -34.00);
INSERT INTO bets (bet_id, participant_id, round_id, placed_at, amount, result, local_balance_change) VALUES (256, 120, 131, '2026-04-15 03:16:00', 95.00, 'lose', -95.00);
INSERT INTO bets (bet_id, participant_id, round_id, placed_at, amount, result, local_balance_change) VALUES (257, 120, 132, '2026-04-15 03:29:00', 81.00, 'lose', -81.00);
INSERT INTO bets (bet_id, participant_id, round_id, placed_at, amount, result, local_balance_change) VALUES (258, 121, 134, '2026-04-15 04:08:00', 34.00, 'lose', -34.00);
INSERT INTO bets (bet_id, participant_id, round_id, placed_at, amount, result, local_balance_change) VALUES (259, 122, 131, '2026-04-15 03:16:00', 74.00, 'lose', -74.00);
INSERT INTO bets (bet_id, participant_id, round_id, placed_at, amount, result, local_balance_change) VALUES (260, 122, 133, '2026-04-15 03:47:00', 87.00, 'win', 174.0000);
INSERT INTO bets (bet_id, participant_id, round_id, placed_at, amount, result, local_balance_change) VALUES (261, 122, 134, '2026-04-15 04:04:00', 97.00, 'lose', -97.00);
INSERT INTO bets (bet_id, participant_id, round_id, placed_at, amount, result, local_balance_change) VALUES (262, 123, 138, '2026-02-12 02:59:00', 32.00, 'lose', -32.00);
INSERT INTO bets (bet_id, participant_id, round_id, placed_at, amount, result, local_balance_change) VALUES (263, 123, 137, '2026-02-12 02:39:00', 32.00, 'lose', -32.00);
INSERT INTO bets (bet_id, participant_id, round_id, placed_at, amount, result, local_balance_change) VALUES (264, 123, 135, '2026-02-12 02:01:00', 49.00, 'lose', -49.00);
INSERT INTO bets (bet_id, participant_id, round_id, placed_at, amount, result, local_balance_change) VALUES (265, 124, 137, '2026-02-12 02:39:00', 89.00, 'lose', -89.00);
INSERT INTO bets (bet_id, participant_id, round_id, placed_at, amount, result, local_balance_change) VALUES (266, 125, 139, '2026-02-12 03:20:00', 32.00, 'lose', -32.00);
INSERT INTO bets (bet_id, participant_id, round_id, placed_at, amount, result, local_balance_change) VALUES (267, 125, 137, '2026-02-12 02:37:00', 32.00, 'lose', -32.00);
INSERT INTO bets (bet_id, participant_id, round_id, placed_at, amount, result, local_balance_change) VALUES (268, 125, 138, '2026-02-12 02:59:00', 55.00, 'win', 110.0000);
INSERT INTO bets (bet_id, participant_id, round_id, placed_at, amount, result, local_balance_change) VALUES (269, 126, 137, '2026-02-12 02:40:00', 71.00, 'win', 142.0000);
INSERT INTO bets (bet_id, participant_id, round_id, placed_at, amount, result, local_balance_change) VALUES (270, 126, 139, '2026-02-12 03:18:00', 63.00, 'lose', -63.00);
INSERT INTO bets (bet_id, participant_id, round_id, placed_at, amount, result, local_balance_change) VALUES (271, 127, 139, '2026-02-12 03:19:00', 32.00, 'win', 64.0000);
INSERT INTO bets (bet_id, participant_id, round_id, placed_at, amount, result, local_balance_change) VALUES (272, 128, 137, '2026-02-12 02:37:00', 84.00, 'lose', -84.00);
INSERT INTO bets (bet_id, participant_id, round_id, placed_at, amount, result, local_balance_change) VALUES (273, 128, 139, '2026-02-12 03:20:00', 36.00, 'win', 72.0000);
INSERT INTO bets (bet_id, participant_id, round_id, placed_at, amount, result, local_balance_change) VALUES (274, 129, 138, '2026-02-12 02:57:00', 51.00, 'lose', -51.00);
INSERT INTO bets (bet_id, participant_id, round_id, placed_at, amount, result, local_balance_change) VALUES (275, 130, 142, '2026-04-26 17:32:00', 91.00, 'win', 182.0000);
INSERT INTO bets (bet_id, participant_id, round_id, placed_at, amount, result, local_balance_change) VALUES (276, 131, 143, '2026-04-26 17:47:00', 88.00, 'lose', -88.00);
INSERT INTO bets (bet_id, participant_id, round_id, placed_at, amount, result, local_balance_change) VALUES (277, 131, 144, '2026-04-26 17:58:00', 7.00, 'lose', -7.00);
INSERT INTO bets (bet_id, participant_id, round_id, placed_at, amount, result, local_balance_change) VALUES (278, 131, 142, '2026-04-26 17:35:00', 55.00, 'win', 110.0000);
INSERT INTO bets (bet_id, participant_id, round_id, placed_at, amount, result, local_balance_change) VALUES (279, 131, 141, '2026-04-26 17:23:00', 10.00, 'win', 20.0000);
INSERT INTO bets (bet_id, participant_id, round_id, placed_at, amount, result, local_balance_change) VALUES (280, 131, 140, '2026-04-26 17:01:00', 12.00, 'win', 24.0000);
INSERT INTO bets (bet_id, participant_id, round_id, placed_at, amount, result, local_balance_change) VALUES (281, 132, 144, '2026-04-26 18:01:00', 39.00, 'win', 78.0000);
INSERT INTO bets (bet_id, participant_id, round_id, placed_at, amount, result, local_balance_change) VALUES (282, 133, 146, '2026-04-11 04:26:00', 45.00, 'win', 90.0000);
INSERT INTO bets (bet_id, participant_id, round_id, placed_at, amount, result, local_balance_change) VALUES (283, 133, 148, '2026-04-11 04:54:00', 53.00, 'lose', -53.00);
INSERT INTO bets (bet_id, participant_id, round_id, placed_at, amount, result, local_balance_change) VALUES (284, 133, 147, '2026-04-11 04:44:00', 43.00, 'win', 86.0000);
INSERT INTO bets (bet_id, participant_id, round_id, placed_at, amount, result, local_balance_change) VALUES (285, 133, 150, '2026-04-11 05:35:00', 97.00, 'win', 194.0000);
INSERT INTO bets (bet_id, participant_id, round_id, placed_at, amount, result, local_balance_change) VALUES (286, 134, 146, '2026-04-11 04:26:00', 83.00, 'win', 166.0000);
INSERT INTO bets (bet_id, participant_id, round_id, placed_at, amount, result, local_balance_change) VALUES (287, 134, 149, '2026-04-11 05:08:00', 71.00, 'lose', -71.00);
INSERT INTO bets (bet_id, participant_id, round_id, placed_at, amount, result, local_balance_change) VALUES (288, 134, 145, '2026-04-11 04:02:00', 85.00, 'lose', -85.00);
INSERT INTO bets (bet_id, participant_id, round_id, placed_at, amount, result, local_balance_change) VALUES (289, 135, 150, '2026-04-11 05:32:00', 83.00, 'win', 166.0000);
INSERT INTO bets (bet_id, participant_id, round_id, placed_at, amount, result, local_balance_change) VALUES (290, 136, 150, '2026-04-11 05:34:00', 43.00, 'win', 86.0000);
INSERT INTO bets (bet_id, participant_id, round_id, placed_at, amount, result, local_balance_change) VALUES (291, 137, 150, '2026-04-11 05:32:00', 47.00, 'lose', -47.00);
INSERT INTO bets (bet_id, participant_id, round_id, placed_at, amount, result, local_balance_change) VALUES (292, 138, 154, '2026-01-11 22:04:00', 70.00, 'win', 140.0000);
INSERT INTO bets (bet_id, participant_id, round_id, placed_at, amount, result, local_balance_change) VALUES (293, 138, 155, '2026-01-11 22:19:00', 99.00, 'win', 198.0000);
INSERT INTO bets (bet_id, participant_id, round_id, placed_at, amount, result, local_balance_change) VALUES (294, 139, 155, '2026-01-11 22:19:00', 43.00, 'win', 86.0000);
INSERT INTO bets (bet_id, participant_id, round_id, placed_at, amount, result, local_balance_change) VALUES (295, 140, 159, '2026-04-27 05:45:00', 55.00, 'lose', -55.00);
INSERT INTO bets (bet_id, participant_id, round_id, placed_at, amount, result, local_balance_change) VALUES (296, 140, 160, '2026-04-27 06:09:00', 82.00, 'win', 164.0000);
INSERT INTO bets (bet_id, participant_id, round_id, placed_at, amount, result, local_balance_change) VALUES (297, 141, 158, '2026-04-27 05:24:00', 76.00, 'win', 152.0000);
INSERT INTO bets (bet_id, participant_id, round_id, placed_at, amount, result, local_balance_change) VALUES (298, 141, 159, '2026-04-27 05:46:00', 90.00, 'lose', -90.00);
INSERT INTO bets (bet_id, participant_id, round_id, placed_at, amount, result, local_balance_change) VALUES (299, 141, 160, '2026-04-27 06:07:00', 49.00, 'win', 98.0000);
INSERT INTO bets (bet_id, participant_id, round_id, placed_at, amount, result, local_balance_change) VALUES (300, 141, 157, '2026-04-27 05:15:00', 56.00, 'win', 112.0000);
INSERT INTO bets (bet_id, participant_id, round_id, placed_at, amount, result, local_balance_change) VALUES (301, 142, 160, '2026-04-27 06:08:00', 49.00, 'win', 98.0000);
INSERT INTO bets (bet_id, participant_id, round_id, placed_at, amount, result, local_balance_change) VALUES (302, 143, 160, '2026-04-27 06:08:00', 49.00, 'lose', -49.00);
INSERT INTO bets (bet_id, participant_id, round_id, placed_at, amount, result, local_balance_change) VALUES (303, 144, 157, '2026-04-27 05:14:00', 99.00, 'win', 198.0000);
INSERT INTO bets (bet_id, participant_id, round_id, placed_at, amount, result, local_balance_change) VALUES (304, 145, 160, '2026-04-27 06:09:00', 68.00, 'win', 136.0000);
INSERT INTO bets (bet_id, participant_id, round_id, placed_at, amount, result, local_balance_change) VALUES (305, 146, 163, '2026-02-01 00:42:00', 66.00, 'lose', -66.00);
INSERT INTO bets (bet_id, participant_id, round_id, placed_at, amount, result, local_balance_change) VALUES (306, 147, 163, '2026-02-01 00:42:00', 34.00, 'lose', -34.00);
INSERT INTO bets (bet_id, participant_id, round_id, placed_at, amount, result, local_balance_change) VALUES (307, 147, 162, '2026-02-01 00:20:00', 74.00, 'win', 148.0000);
INSERT INTO bets (bet_id, participant_id, round_id, placed_at, amount, result, local_balance_change) VALUES (308, 148, 163, '2026-02-01 00:44:00', 34.00, 'lose', -34.00);
INSERT INTO bets (bet_id, participant_id, round_id, placed_at, amount, result, local_balance_change) VALUES (309, 149, 163, '2026-02-01 00:43:00', 34.00, 'lose', -34.00);
INSERT INTO bets (bet_id, participant_id, round_id, placed_at, amount, result, local_balance_change) VALUES (310, 150, 163, '2026-02-01 00:44:00', 93.00, 'lose', -93.00);
INSERT INTO bets (bet_id, participant_id, round_id, placed_at, amount, result, local_balance_change) VALUES (311, 150, 162, '2026-02-01 00:19:00', 34.00, 'lose', -34.00);

-- financial_documents
INSERT INTO financial_documents (document_id, player_user_id, amount, doc_type, created_at) VALUES (1, 15, 4325.00, 'deposit', '2026-02-22 14:00:00');
INSERT INTO financial_documents (document_id, player_user_id, amount, doc_type, created_at) VALUES (2, 15, 3910.00, 'withdraw', '2026-04-11 21:00:00');
INSERT INTO financial_documents (document_id, player_user_id, amount, doc_type, created_at) VALUES (3, 16, 807.00, 'withdraw', '2026-01-03 23:00:00');
INSERT INTO financial_documents (document_id, player_user_id, amount, doc_type, created_at) VALUES (4, 16, 1743.00, 'withdraw', '2026-03-15 21:00:00');
INSERT INTO financial_documents (document_id, player_user_id, amount, doc_type, created_at) VALUES (5, 16, 2087.00, 'withdraw', '2026-02-19 06:00:00');
INSERT INTO financial_documents (document_id, player_user_id, amount, doc_type, created_at) VALUES (6, 17, 1700.00, 'deposit', '2026-01-21 12:00:00');
INSERT INTO financial_documents (document_id, player_user_id, amount, doc_type, created_at) VALUES (7, 17, 3459.00, 'deposit', '2026-02-01 05:00:00');
INSERT INTO financial_documents (document_id, player_user_id, amount, doc_type, created_at) VALUES (8, 17, 2937.00, 'deposit', '2026-02-13 12:00:00');
INSERT INTO financial_documents (document_id, player_user_id, amount, doc_type, created_at) VALUES (9, 17, 3182.00, 'withdraw', '2026-01-15 18:00:00');
INSERT INTO financial_documents (document_id, player_user_id, amount, doc_type, created_at) VALUES (10, 18, 3539.00, 'withdraw', '2026-01-09 16:00:00');
INSERT INTO financial_documents (document_id, player_user_id, amount, doc_type, created_at) VALUES (11, 18, 2392.00, 'deposit', '2026-01-07 19:00:00');
INSERT INTO financial_documents (document_id, player_user_id, amount, doc_type, created_at) VALUES (12, 19, 3151.00, 'withdraw', '2026-04-07 14:00:00');
INSERT INTO financial_documents (document_id, player_user_id, amount, doc_type, created_at) VALUES (13, 19, 4857.00, 'deposit', '2026-03-07 16:00:00');
INSERT INTO financial_documents (document_id, player_user_id, amount, doc_type, created_at) VALUES (14, 19, 3330.00, 'deposit', '2026-03-19 06:00:00');
INSERT INTO financial_documents (document_id, player_user_id, amount, doc_type, created_at) VALUES (15, 19, 610.00, 'withdraw', '2026-03-27 16:00:00');
INSERT INTO financial_documents (document_id, player_user_id, amount, doc_type, created_at) VALUES (16, 20, 2489.00, 'withdraw', '2026-04-20 22:00:00');
INSERT INTO financial_documents (document_id, player_user_id, amount, doc_type, created_at) VALUES (17, 20, 3319.00, 'withdraw', '2026-02-12 02:00:00');
INSERT INTO financial_documents (document_id, player_user_id, amount, doc_type, created_at) VALUES (18, 21, 2013.00, 'deposit', '2026-01-27 16:00:00');
INSERT INTO financial_documents (document_id, player_user_id, amount, doc_type, created_at) VALUES (19, 21, 4889.00, 'deposit', '2026-01-21 15:00:00');
INSERT INTO financial_documents (document_id, player_user_id, amount, doc_type, created_at) VALUES (20, 21, 1446.00, 'withdraw', '2026-03-02 22:00:00');
INSERT INTO financial_documents (document_id, player_user_id, amount, doc_type, created_at) VALUES (21, 22, 1089.00, 'withdraw', '2026-04-10 18:00:00');
INSERT INTO financial_documents (document_id, player_user_id, amount, doc_type, created_at) VALUES (22, 22, 3802.00, 'withdraw', '2026-03-02 20:00:00');
INSERT INTO financial_documents (document_id, player_user_id, amount, doc_type, created_at) VALUES (23, 22, 1082.00, 'deposit', '2026-01-23 09:00:00');
INSERT INTO financial_documents (document_id, player_user_id, amount, doc_type, created_at) VALUES (24, 22, 2592.00, 'deposit', '2026-01-29 22:00:00');
INSERT INTO financial_documents (document_id, player_user_id, amount, doc_type, created_at) VALUES (25, 23, 847.00, 'deposit', '2026-02-17 00:00:00');
INSERT INTO financial_documents (document_id, player_user_id, amount, doc_type, created_at) VALUES (26, 23, 4306.00, 'deposit', '2026-03-29 21:00:00');
INSERT INTO financial_documents (document_id, player_user_id, amount, doc_type, created_at) VALUES (27, 24, 1524.00, 'deposit', '2026-02-23 02:00:00');
INSERT INTO financial_documents (document_id, player_user_id, amount, doc_type, created_at) VALUES (28, 24, 4654.00, 'deposit', '2026-01-15 02:00:00');
INSERT INTO financial_documents (document_id, player_user_id, amount, doc_type, created_at) VALUES (29, 24, 934.00, 'deposit', '2026-01-17 12:00:00');
INSERT INTO financial_documents (document_id, player_user_id, amount, doc_type, created_at) VALUES (30, 25, 1920.00, 'deposit', '2026-01-28 00:00:00');
INSERT INTO financial_documents (document_id, player_user_id, amount, doc_type, created_at) VALUES (31, 26, 788.00, 'withdraw', '2026-04-29 14:00:00');
INSERT INTO financial_documents (document_id, player_user_id, amount, doc_type, created_at) VALUES (32, 26, 278.00, 'deposit', '2026-01-28 08:00:00');
INSERT INTO financial_documents (document_id, player_user_id, amount, doc_type, created_at) VALUES (33, 26, 3732.00, 'deposit', '2026-01-13 22:00:00');
INSERT INTO financial_documents (document_id, player_user_id, amount, doc_type, created_at) VALUES (34, 27, 449.00, 'withdraw', '2026-01-08 17:00:00');
INSERT INTO financial_documents (document_id, player_user_id, amount, doc_type, created_at) VALUES (35, 28, 3335.00, 'withdraw', '2026-01-06 00:00:00');
INSERT INTO financial_documents (document_id, player_user_id, amount, doc_type, created_at) VALUES (36, 28, 3595.00, 'deposit', '2026-02-16 18:00:00');
INSERT INTO financial_documents (document_id, player_user_id, amount, doc_type, created_at) VALUES (37, 28, 1633.00, 'withdraw', '2026-02-07 02:00:00');
INSERT INTO financial_documents (document_id, player_user_id, amount, doc_type, created_at) VALUES (38, 28, 1317.00, 'deposit', '2026-03-22 07:00:00');
INSERT INTO financial_documents (document_id, player_user_id, amount, doc_type, created_at) VALUES (39, 29, 2517.00, 'withdraw', '2026-02-24 05:00:00');
INSERT INTO financial_documents (document_id, player_user_id, amount, doc_type, created_at) VALUES (40, 29, 4024.00, 'deposit', '2026-01-13 20:00:00');
INSERT INTO financial_documents (document_id, player_user_id, amount, doc_type, created_at) VALUES (41, 30, 1224.00, 'withdraw', '2026-01-28 08:00:00');
INSERT INTO financial_documents (document_id, player_user_id, amount, doc_type, created_at) VALUES (42, 30, 4407.00, 'deposit', '2026-03-24 05:00:00');
INSERT INTO financial_documents (document_id, player_user_id, amount, doc_type, created_at) VALUES (43, 30, 259.00, 'withdraw', '2026-04-13 10:00:00');
INSERT INTO financial_documents (document_id, player_user_id, amount, doc_type, created_at) VALUES (44, 30, 3041.00, 'withdraw', '2026-03-13 03:00:00');
INSERT INTO financial_documents (document_id, player_user_id, amount, doc_type, created_at) VALUES (45, 31, 4733.00, 'withdraw', '2026-02-20 20:00:00');
INSERT INTO financial_documents (document_id, player_user_id, amount, doc_type, created_at) VALUES (46, 31, 1573.00, 'deposit', '2026-02-12 07:00:00');
INSERT INTO financial_documents (document_id, player_user_id, amount, doc_type, created_at) VALUES (47, 31, 1894.00, 'deposit', '2026-04-26 20:00:00');
INSERT INTO financial_documents (document_id, player_user_id, amount, doc_type, created_at) VALUES (48, 32, 3964.00, 'withdraw', '2026-04-11 06:00:00');
INSERT INTO financial_documents (document_id, player_user_id, amount, doc_type, created_at) VALUES (49, 33, 1407.00, 'deposit', '2026-02-03 09:00:00');
INSERT INTO financial_documents (document_id, player_user_id, amount, doc_type, created_at) VALUES (50, 33, 2075.00, 'withdraw', '2026-03-12 11:00:00');
INSERT INTO financial_documents (document_id, player_user_id, amount, doc_type, created_at) VALUES (51, 34, 1897.00, 'withdraw', '2026-02-16 17:00:00');
INSERT INTO financial_documents (document_id, player_user_id, amount, doc_type, created_at) VALUES (52, 35, 2037.00, 'withdraw', '2026-04-16 11:00:00');
INSERT INTO financial_documents (document_id, player_user_id, amount, doc_type, created_at) VALUES (53, 35, 3039.00, 'deposit', '2026-04-03 10:00:00');
INSERT INTO financial_documents (document_id, player_user_id, amount, doc_type, created_at) VALUES (54, 36, 4750.00, 'deposit', '2026-03-15 18:00:00');
INSERT INTO financial_documents (document_id, player_user_id, amount, doc_type, created_at) VALUES (55, 36, 4132.00, 'withdraw', '2026-01-25 03:00:00');
INSERT INTO financial_documents (document_id, player_user_id, amount, doc_type, created_at) VALUES (56, 36, 410.00, 'deposit', '2026-01-09 19:00:00');
INSERT INTO financial_documents (document_id, player_user_id, amount, doc_type, created_at) VALUES (57, 37, 263.00, 'withdraw', '2026-01-02 22:00:00');
INSERT INTO financial_documents (document_id, player_user_id, amount, doc_type, created_at) VALUES (58, 37, 1750.00, 'deposit', '2026-02-15 10:00:00');
INSERT INTO financial_documents (document_id, player_user_id, amount, doc_type, created_at) VALUES (59, 38, 2750.00, 'deposit', '2026-01-04 16:00:00');
INSERT INTO financial_documents (document_id, player_user_id, amount, doc_type, created_at) VALUES (60, 38, 4905.00, 'deposit', '2026-04-11 15:00:00');
INSERT INTO financial_documents (document_id, player_user_id, amount, doc_type, created_at) VALUES (61, 39, 694.00, 'withdraw', '2026-04-03 09:00:00');
INSERT INTO financial_documents (document_id, player_user_id, amount, doc_type, created_at) VALUES (62, 39, 3340.00, 'deposit', '2026-02-14 21:00:00');
INSERT INTO financial_documents (document_id, player_user_id, amount, doc_type, created_at) VALUES (63, 39, 2742.00, 'deposit', '2026-01-23 11:00:00');
INSERT INTO financial_documents (document_id, player_user_id, amount, doc_type, created_at) VALUES (64, 40, 4091.00, 'withdraw', '2026-01-25 10:00:00');
INSERT INTO financial_documents (document_id, player_user_id, amount, doc_type, created_at) VALUES (65, 40, 4703.00, 'withdraw', '2026-01-31 09:00:00');
INSERT INTO financial_documents (document_id, player_user_id, amount, doc_type, created_at) VALUES (66, 40, 4924.00, 'deposit', '2026-02-19 21:00:00');
INSERT INTO financial_documents (document_id, player_user_id, amount, doc_type, created_at) VALUES (67, 40, 2512.00, 'deposit', '2026-01-25 11:00:00');
INSERT INTO financial_documents (document_id, player_user_id, amount, doc_type, created_at) VALUES (68, 41, 4792.00, 'withdraw', '2026-04-21 06:00:00');
INSERT INTO financial_documents (document_id, player_user_id, amount, doc_type, created_at) VALUES (69, 42, 1591.00, 'withdraw', '2026-04-30 07:00:00');
INSERT INTO financial_documents (document_id, player_user_id, amount, doc_type, created_at) VALUES (70, 43, 4732.00, 'deposit', '2026-05-02 03:00:00');
INSERT INTO financial_documents (document_id, player_user_id, amount, doc_type, created_at) VALUES (71, 43, 1252.00, 'withdraw', '2026-04-07 14:00:00');
INSERT INTO financial_documents (document_id, player_user_id, amount, doc_type, created_at) VALUES (72, 44, 2941.00, 'withdraw', '2026-01-24 08:00:00');
INSERT INTO financial_documents (document_id, player_user_id, amount, doc_type, created_at) VALUES (73, 44, 826.00, 'withdraw', '2026-02-28 12:00:00');
INSERT INTO financial_documents (document_id, player_user_id, amount, doc_type, created_at) VALUES (74, 45, 1817.00, 'deposit', '2026-03-31 14:00:00');
INSERT INTO financial_documents (document_id, player_user_id, amount, doc_type, created_at) VALUES (75, 45, 2971.00, 'withdraw', '2026-04-12 15:00:00');
INSERT INTO financial_documents (document_id, player_user_id, amount, doc_type, created_at) VALUES (76, 45, 110.00, 'deposit', '2026-02-21 02:00:00');
INSERT INTO financial_documents (document_id, player_user_id, amount, doc_type, created_at) VALUES (77, 46, 1462.00, 'withdraw', '2026-03-07 00:00:00');
INSERT INTO financial_documents (document_id, player_user_id, amount, doc_type, created_at) VALUES (78, 46, 2977.00, 'withdraw', '2026-01-15 03:00:00');
INSERT INTO financial_documents (document_id, player_user_id, amount, doc_type, created_at) VALUES (79, 46, 4835.00, 'deposit', '2026-01-23 02:00:00');
INSERT INTO financial_documents (document_id, player_user_id, amount, doc_type, created_at) VALUES (80, 46, 703.00, 'deposit', '2026-02-08 12:00:00');
INSERT INTO financial_documents (document_id, player_user_id, amount, doc_type, created_at) VALUES (81, 47, 2239.00, 'deposit', '2026-01-11 22:00:00');
INSERT INTO financial_documents (document_id, player_user_id, amount, doc_type, created_at) VALUES (82, 47, 1493.00, 'withdraw', '2026-01-23 11:00:00');
INSERT INTO financial_documents (document_id, player_user_id, amount, doc_type, created_at) VALUES (83, 47, 714.00, 'deposit', '2026-02-15 07:00:00');
INSERT INTO financial_documents (document_id, player_user_id, amount, doc_type, created_at) VALUES (84, 48, 353.00, 'withdraw', '2026-03-26 17:00:00');
INSERT INTO financial_documents (document_id, player_user_id, amount, doc_type, created_at) VALUES (85, 48, 3656.00, 'deposit', '2026-01-08 15:00:00');
INSERT INTO financial_documents (document_id, player_user_id, amount, doc_type, created_at) VALUES (86, 48, 2812.00, 'deposit', '2026-01-27 01:00:00');
INSERT INTO financial_documents (document_id, player_user_id, amount, doc_type, created_at) VALUES (87, 48, 4639.00, 'withdraw', '2026-03-27 21:00:00');
INSERT INTO financial_documents (document_id, player_user_id, amount, doc_type, created_at) VALUES (88, 49, 2045.00, 'deposit', '2026-01-09 00:00:00');
INSERT INTO financial_documents (document_id, player_user_id, amount, doc_type, created_at) VALUES (89, 49, 4783.00, 'withdraw', '2026-01-21 13:00:00');
INSERT INTO financial_documents (document_id, player_user_id, amount, doc_type, created_at) VALUES (90, 49, 3055.00, 'deposit', '2026-02-25 14:00:00');
INSERT INTO financial_documents (document_id, player_user_id, amount, doc_type, created_at) VALUES (91, 50, 4034.00, 'deposit', '2026-01-14 12:00:00');
INSERT INTO financial_documents (document_id, player_user_id, amount, doc_type, created_at) VALUES (92, 50, 1795.00, 'deposit', '2026-03-24 21:00:00');
INSERT INTO financial_documents (document_id, player_user_id, amount, doc_type, created_at) VALUES (93, 50, 771.00, 'withdraw', '2026-04-20 15:00:00');
INSERT INTO financial_documents (document_id, player_user_id, amount, doc_type, created_at) VALUES (94, 51, 3356.00, 'withdraw', '2026-03-06 09:00:00');
INSERT INTO financial_documents (document_id, player_user_id, amount, doc_type, created_at) VALUES (95, 51, 2270.00, 'deposit', '2026-03-26 05:00:00');
INSERT INTO financial_documents (document_id, player_user_id, amount, doc_type, created_at) VALUES (96, 51, 3274.00, 'deposit', '2026-02-19 00:00:00');
INSERT INTO financial_documents (document_id, player_user_id, amount, doc_type, created_at) VALUES (97, 52, 1628.00, 'withdraw', '2026-01-07 20:00:00');
INSERT INTO financial_documents (document_id, player_user_id, amount, doc_type, created_at) VALUES (98, 52, 3702.00, 'withdraw', '2026-02-04 19:00:00');
INSERT INTO financial_documents (document_id, player_user_id, amount, doc_type, created_at) VALUES (99, 52, 2300.00, 'deposit', '2026-01-22 10:00:00');
INSERT INTO financial_documents (document_id, player_user_id, amount, doc_type, created_at) VALUES (100, 53, 802.00, 'withdraw', '2026-04-16 05:00:00');
INSERT INTO financial_documents (document_id, player_user_id, amount, doc_type, created_at) VALUES (101, 54, 4931.00, 'deposit', '2026-03-13 13:00:00');
INSERT INTO financial_documents (document_id, player_user_id, amount, doc_type, created_at) VALUES (102, 54, 3271.00, 'withdraw', '2026-03-12 09:00:00');
INSERT INTO financial_documents (document_id, player_user_id, amount, doc_type, created_at) VALUES (103, 54, 3989.00, 'deposit', '2026-03-03 21:00:00');
INSERT INTO financial_documents (document_id, player_user_id, amount, doc_type, created_at) VALUES (104, 54, 746.00, 'withdraw', '2026-04-28 10:00:00');
INSERT INTO financial_documents (document_id, player_user_id, amount, doc_type, created_at) VALUES (105, 55, 4213.00, 'deposit', '2026-01-18 02:00:00');
INSERT INTO financial_documents (document_id, player_user_id, amount, doc_type, created_at) VALUES (106, 56, 1469.00, 'deposit', '2026-04-15 18:00:00');
INSERT INTO financial_documents (document_id, player_user_id, amount, doc_type, created_at) VALUES (107, 56, 1133.00, 'deposit', '2026-02-25 14:00:00');
INSERT INTO financial_documents (document_id, player_user_id, amount, doc_type, created_at) VALUES (108, 57, 1754.00, 'deposit', '2026-04-19 07:00:00');
INSERT INTO financial_documents (document_id, player_user_id, amount, doc_type, created_at) VALUES (109, 57, 2212.00, 'withdraw', '2026-04-29 11:00:00');
INSERT INTO financial_documents (document_id, player_user_id, amount, doc_type, created_at) VALUES (110, 57, 648.00, 'deposit', '2026-02-21 05:00:00');
INSERT INTO financial_documents (document_id, player_user_id, amount, doc_type, created_at) VALUES (111, 57, 3355.00, 'withdraw', '2026-04-21 20:00:00');
INSERT INTO financial_documents (document_id, player_user_id, amount, doc_type, created_at) VALUES (112, 58, 201.00, 'withdraw', '2026-01-17 01:00:00');
INSERT INTO financial_documents (document_id, player_user_id, amount, doc_type, created_at) VALUES (113, 58, 1325.00, 'deposit', '2026-03-16 06:00:00');
INSERT INTO financial_documents (document_id, player_user_id, amount, doc_type, created_at) VALUES (114, 58, 4873.00, 'deposit', '2026-04-30 15:00:00');
INSERT INTO financial_documents (document_id, player_user_id, amount, doc_type, created_at) VALUES (115, 58, 4709.00, 'deposit', '2026-04-12 21:00:00');
INSERT INTO financial_documents (document_id, player_user_id, amount, doc_type, created_at) VALUES (116, 59, 3466.00, 'withdraw', '2026-02-21 08:00:00');
INSERT INTO financial_documents (document_id, player_user_id, amount, doc_type, created_at) VALUES (117, 59, 4077.00, 'withdraw', '2026-01-06 17:00:00');
INSERT INTO financial_documents (document_id, player_user_id, amount, doc_type, created_at) VALUES (118, 59, 2356.00, 'withdraw', '2026-01-21 07:00:00');
INSERT INTO financial_documents (document_id, player_user_id, amount, doc_type, created_at) VALUES (119, 60, 417.00, 'withdraw', '2026-04-25 22:00:00');
INSERT INTO financial_documents (document_id, player_user_id, amount, doc_type, created_at) VALUES (120, 60, 2046.00, 'deposit', '2026-04-08 03:00:00');
INSERT INTO financial_documents (document_id, player_user_id, amount, doc_type, created_at) VALUES (121, 60, 2300.00, 'withdraw', '2026-01-04 22:00:00');
INSERT INTO financial_documents (document_id, player_user_id, amount, doc_type, created_at) VALUES (122, 60, 2582.00, 'withdraw', '2026-02-07 03:00:00');
INSERT INTO financial_documents (document_id, player_user_id, amount, doc_type, created_at) VALUES (123, 61, 1967.00, 'deposit', '2026-02-10 11:00:00');
INSERT INTO financial_documents (document_id, player_user_id, amount, doc_type, created_at) VALUES (124, 62, 2728.00, 'withdraw', '2026-04-06 01:00:00');
INSERT INTO financial_documents (document_id, player_user_id, amount, doc_type, created_at) VALUES (125, 62, 831.00, 'deposit', '2026-02-27 18:00:00');
INSERT INTO financial_documents (document_id, player_user_id, amount, doc_type, created_at) VALUES (126, 62, 3435.00, 'withdraw', '2026-04-10 04:00:00');
INSERT INTO financial_documents (document_id, player_user_id, amount, doc_type, created_at) VALUES (127, 62, 3163.00, 'deposit', '2026-03-08 17:00:00');
INSERT INTO financial_documents (document_id, player_user_id, amount, doc_type, created_at) VALUES (128, 63, 2648.00, 'withdraw', '2026-01-20 04:00:00');
INSERT INTO financial_documents (document_id, player_user_id, amount, doc_type, created_at) VALUES (129, 64, 1523.00, 'deposit', '2026-04-24 18:00:00');
INSERT INTO financial_documents (document_id, player_user_id, amount, doc_type, created_at) VALUES (130, 65, 2143.00, 'deposit', '2026-03-01 13:00:00');
INSERT INTO financial_documents (document_id, player_user_id, amount, doc_type, created_at) VALUES (131, 66, 1731.00, 'withdraw', '2026-02-19 02:00:00');
INSERT INTO financial_documents (document_id, player_user_id, amount, doc_type, created_at) VALUES (132, 66, 4237.00, 'withdraw', '2026-03-24 15:00:00');
INSERT INTO financial_documents (document_id, player_user_id, amount, doc_type, created_at) VALUES (133, 66, 350.00, 'deposit', '2026-02-19 03:00:00');
INSERT INTO financial_documents (document_id, player_user_id, amount, doc_type, created_at) VALUES (134, 67, 1554.00, 'withdraw', '2026-03-19 05:00:00');
INSERT INTO financial_documents (document_id, player_user_id, amount, doc_type, created_at) VALUES (135, 67, 2965.00, 'withdraw', '2026-01-22 20:00:00');
INSERT INTO financial_documents (document_id, player_user_id, amount, doc_type, created_at) VALUES (136, 67, 840.00, 'withdraw', '2026-01-06 00:00:00');
INSERT INTO financial_documents (document_id, player_user_id, amount, doc_type, created_at) VALUES (137, 67, 506.00, 'deposit', '2026-04-22 06:00:00');
INSERT INTO financial_documents (document_id, player_user_id, amount, doc_type, created_at) VALUES (138, 68, 1913.00, 'deposit', '2026-03-29 18:00:00');
INSERT INTO financial_documents (document_id, player_user_id, amount, doc_type, created_at) VALUES (139, 68, 2304.00, 'withdraw', '2026-03-08 12:00:00');
INSERT INTO financial_documents (document_id, player_user_id, amount, doc_type, created_at) VALUES (140, 69, 3983.00, 'deposit', '2026-03-25 17:00:00');
INSERT INTO financial_documents (document_id, player_user_id, amount, doc_type, created_at) VALUES (141, 70, 1933.00, 'withdraw', '2026-03-20 21:00:00');
INSERT INTO financial_documents (document_id, player_user_id, amount, doc_type, created_at) VALUES (142, 71, 3571.00, 'withdraw', '2026-04-21 23:00:00');
INSERT INTO financial_documents (document_id, player_user_id, amount, doc_type, created_at) VALUES (143, 71, 3860.00, 'withdraw', '2026-01-30 02:00:00');
INSERT INTO financial_documents (document_id, player_user_id, amount, doc_type, created_at) VALUES (144, 71, 2575.00, 'withdraw', '2026-03-17 15:00:00');
INSERT INTO financial_documents (document_id, player_user_id, amount, doc_type, created_at) VALUES (145, 72, 4290.00, 'withdraw', '2026-03-15 08:00:00');
INSERT INTO financial_documents (document_id, player_user_id, amount, doc_type, created_at) VALUES (146, 73, 2545.00, 'deposit', '2026-03-04 14:00:00');
INSERT INTO financial_documents (document_id, player_user_id, amount, doc_type, created_at) VALUES (147, 73, 2854.00, 'withdraw', '2026-03-24 22:00:00');
INSERT INTO financial_documents (document_id, player_user_id, amount, doc_type, created_at) VALUES (148, 73, 2368.00, 'withdraw', '2026-03-27 10:00:00');
INSERT INTO financial_documents (document_id, player_user_id, amount, doc_type, created_at) VALUES (149, 74, 1643.00, 'deposit', '2026-03-09 19:00:00');
INSERT INTO financial_documents (document_id, player_user_id, amount, doc_type, created_at) VALUES (150, 74, 565.00, 'withdraw', '2026-03-27 22:00:00');
INSERT INTO financial_documents (document_id, player_user_id, amount, doc_type, created_at) VALUES (151, 74, 1246.00, 'deposit', '2026-03-27 03:00:00');
INSERT INTO financial_documents (document_id, player_user_id, amount, doc_type, created_at) VALUES (152, 75, 2225.00, 'withdraw', '2026-02-23 00:00:00');
INSERT INTO financial_documents (document_id, player_user_id, amount, doc_type, created_at) VALUES (153, 75, 389.00, 'deposit', '2026-02-15 11:00:00');
INSERT INTO financial_documents (document_id, player_user_id, amount, doc_type, created_at) VALUES (154, 75, 1921.00, 'withdraw', '2026-04-29 09:00:00');
INSERT INTO financial_documents (document_id, player_user_id, amount, doc_type, created_at) VALUES (155, 76, 4255.00, 'withdraw', '2026-04-20 17:00:00');
INSERT INTO financial_documents (document_id, player_user_id, amount, doc_type, created_at) VALUES (156, 76, 4673.00, 'deposit', '2026-02-08 15:00:00');
INSERT INTO financial_documents (document_id, player_user_id, amount, doc_type, created_at) VALUES (157, 76, 3956.00, 'deposit', '2026-04-06 20:00:00');
INSERT INTO financial_documents (document_id, player_user_id, amount, doc_type, created_at) VALUES (158, 77, 2849.00, 'deposit', '2026-01-30 23:00:00');
INSERT INTO financial_documents (document_id, player_user_id, amount, doc_type, created_at) VALUES (159, 77, 1929.00, 'withdraw', '2026-02-24 22:00:00');
INSERT INTO financial_documents (document_id, player_user_id, amount, doc_type, created_at) VALUES (160, 78, 2234.00, 'withdraw', '2026-03-02 15:00:00');
INSERT INTO financial_documents (document_id, player_user_id, amount, doc_type, created_at) VALUES (161, 78, 3954.00, 'deposit', '2026-04-23 08:00:00');
INSERT INTO financial_documents (document_id, player_user_id, amount, doc_type, created_at) VALUES (162, 78, 4880.00, 'deposit', '2026-03-03 18:00:00');
INSERT INTO financial_documents (document_id, player_user_id, amount, doc_type, created_at) VALUES (163, 79, 3226.00, 'withdraw', '2026-02-23 13:00:00');
INSERT INTO financial_documents (document_id, player_user_id, amount, doc_type, created_at) VALUES (164, 80, 1225.00, 'deposit', '2026-02-15 01:00:00');
INSERT INTO financial_documents (document_id, player_user_id, amount, doc_type, created_at) VALUES (165, 80, 4764.00, 'withdraw', '2026-01-20 22:00:00');
INSERT INTO financial_documents (document_id, player_user_id, amount, doc_type, created_at) VALUES (166, 81, 762.00, 'withdraw', '2026-02-14 08:00:00');
INSERT INTO financial_documents (document_id, player_user_id, amount, doc_type, created_at) VALUES (167, 81, 1548.00, 'withdraw', '2026-03-24 13:00:00');
INSERT INTO financial_documents (document_id, player_user_id, amount, doc_type, created_at) VALUES (168, 82, 3803.00, 'withdraw', '2026-01-28 17:00:00');
INSERT INTO financial_documents (document_id, player_user_id, amount, doc_type, created_at) VALUES (169, 83, 4110.00, 'deposit', '2026-01-19 07:00:00');
INSERT INTO financial_documents (document_id, player_user_id, amount, doc_type, created_at) VALUES (170, 83, 3652.00, 'withdraw', '2026-02-23 01:00:00');
INSERT INTO financial_documents (document_id, player_user_id, amount, doc_type, created_at) VALUES (171, 84, 3240.00, 'deposit', '2026-01-07 05:00:00');
INSERT INTO financial_documents (document_id, player_user_id, amount, doc_type, created_at) VALUES (172, 84, 1733.00, 'withdraw', '2026-01-03 22:00:00');
INSERT INTO financial_documents (document_id, player_user_id, amount, doc_type, created_at) VALUES (173, 84, 4450.00, 'deposit', '2026-01-05 09:00:00');
INSERT INTO financial_documents (document_id, player_user_id, amount, doc_type, created_at) VALUES (174, 84, 133.00, 'deposit', '2026-01-31 10:00:00');
INSERT INTO financial_documents (document_id, player_user_id, amount, doc_type, created_at) VALUES (175, 85, 2656.00, 'deposit', '2026-01-16 00:00:00');
INSERT INTO financial_documents (document_id, player_user_id, amount, doc_type, created_at) VALUES (176, 85, 4223.00, 'withdraw', '2026-01-23 14:00:00');
INSERT INTO financial_documents (document_id, player_user_id, amount, doc_type, created_at) VALUES (177, 85, 474.00, 'withdraw', '2026-02-09 02:00:00');
INSERT INTO financial_documents (document_id, player_user_id, amount, doc_type, created_at) VALUES (178, 86, 3652.00, 'deposit', '2026-02-15 03:00:00');
INSERT INTO financial_documents (document_id, player_user_id, amount, doc_type, created_at) VALUES (179, 86, 3042.00, 'deposit', '2026-01-24 00:00:00');
INSERT INTO financial_documents (document_id, player_user_id, amount, doc_type, created_at) VALUES (180, 86, 256.00, 'deposit', '2026-01-31 11:00:00');
INSERT INTO financial_documents (document_id, player_user_id, amount, doc_type, created_at) VALUES (181, 87, 1830.00, 'deposit', '2026-03-19 04:00:00');
INSERT INTO financial_documents (document_id, player_user_id, amount, doc_type, created_at) VALUES (182, 87, 1484.00, 'deposit', '2026-02-18 10:00:00');
INSERT INTO financial_documents (document_id, player_user_id, amount, doc_type, created_at) VALUES (183, 88, 3173.00, 'withdraw', '2026-04-11 05:00:00');
INSERT INTO financial_documents (document_id, player_user_id, amount, doc_type, created_at) VALUES (184, 89, 4965.00, 'deposit', '2026-03-27 15:00:00');
INSERT INTO financial_documents (document_id, player_user_id, amount, doc_type, created_at) VALUES (185, 90, 495.00, 'deposit', '2026-02-25 02:00:00');
INSERT INTO financial_documents (document_id, player_user_id, amount, doc_type, created_at) VALUES (186, 91, 1112.00, 'withdraw', '2026-03-04 10:00:00');
INSERT INTO financial_documents (document_id, player_user_id, amount, doc_type, created_at) VALUES (187, 91, 1354.00, 'deposit', '2026-04-01 09:00:00');
INSERT INTO financial_documents (document_id, player_user_id, amount, doc_type, created_at) VALUES (188, 91, 176.00, 'withdraw', '2026-02-25 09:00:00');
INSERT INTO financial_documents (document_id, player_user_id, amount, doc_type, created_at) VALUES (189, 91, 927.00, 'withdraw', '2026-03-23 07:00:00');
INSERT INTO financial_documents (document_id, player_user_id, amount, doc_type, created_at) VALUES (190, 92, 3531.00, 'deposit', '2026-03-09 11:00:00');
INSERT INTO financial_documents (document_id, player_user_id, amount, doc_type, created_at) VALUES (191, 92, 1064.00, 'withdraw', '2026-01-16 15:00:00');
INSERT INTO financial_documents (document_id, player_user_id, amount, doc_type, created_at) VALUES (192, 93, 1727.00, 'deposit', '2026-04-11 20:00:00');
INSERT INTO financial_documents (document_id, player_user_id, amount, doc_type, created_at) VALUES (193, 93, 4385.00, 'deposit', '2026-02-17 10:00:00');
INSERT INTO financial_documents (document_id, player_user_id, amount, doc_type, created_at) VALUES (194, 93, 3456.00, 'withdraw', '2026-01-22 13:00:00');
INSERT INTO financial_documents (document_id, player_user_id, amount, doc_type, created_at) VALUES (195, 93, 4590.00, 'withdraw', '2026-04-28 18:00:00');
INSERT INTO financial_documents (document_id, player_user_id, amount, doc_type, created_at) VALUES (196, 94, 2808.00, 'deposit', '2026-01-02 12:00:00');
INSERT INTO financial_documents (document_id, player_user_id, amount, doc_type, created_at) VALUES (197, 94, 829.00, 'deposit', '2026-04-19 06:00:00');
INSERT INTO financial_documents (document_id, player_user_id, amount, doc_type, created_at) VALUES (198, 94, 4147.00, 'deposit', '2026-01-14 04:00:00');
INSERT INTO financial_documents (document_id, player_user_id, amount, doc_type, created_at) VALUES (199, 94, 714.00, 'deposit', '2026-04-27 20:00:00');
INSERT INTO financial_documents (document_id, player_user_id, amount, doc_type, created_at) VALUES (200, 95, 3841.00, 'withdraw', '2026-02-05 02:00:00');
INSERT INTO financial_documents (document_id, player_user_id, amount, doc_type, created_at) VALUES (201, 95, 510.00, 'deposit', '2026-04-16 17:00:00');
INSERT INTO financial_documents (document_id, player_user_id, amount, doc_type, created_at) VALUES (202, 96, 2480.00, 'withdraw', '2026-04-15 09:00:00');
INSERT INTO financial_documents (document_id, player_user_id, amount, doc_type, created_at) VALUES (203, 97, 3589.00, 'deposit', '2026-01-14 13:00:00');
INSERT INTO financial_documents (document_id, player_user_id, amount, doc_type, created_at) VALUES (204, 97, 179.00, 'deposit', '2026-03-28 08:00:00');
INSERT INTO financial_documents (document_id, player_user_id, amount, doc_type, created_at) VALUES (205, 97, 1496.00, 'withdraw', '2026-02-17 02:00:00');
INSERT INTO financial_documents (document_id, player_user_id, amount, doc_type, created_at) VALUES (206, 98, 861.00, 'withdraw', '2026-04-16 22:00:00');
INSERT INTO financial_documents (document_id, player_user_id, amount, doc_type, created_at) VALUES (207, 98, 1598.00, 'deposit', '2026-02-23 00:00:00');
INSERT INTO financial_documents (document_id, player_user_id, amount, doc_type, created_at) VALUES (208, 98, 3839.00, 'withdraw', '2026-04-19 00:00:00');
INSERT INTO financial_documents (document_id, player_user_id, amount, doc_type, created_at) VALUES (209, 99, 3554.00, 'deposit', '2026-01-16 16:00:00');
INSERT INTO financial_documents (document_id, player_user_id, amount, doc_type, created_at) VALUES (210, 99, 580.00, 'deposit', '2026-01-16 01:00:00');
INSERT INTO financial_documents (document_id, player_user_id, amount, doc_type, created_at) VALUES (211, 99, 4939.00, 'withdraw', '2026-04-15 06:00:00');
INSERT INTO financial_documents (document_id, player_user_id, amount, doc_type, created_at) VALUES (212, 99, 3689.00, 'deposit', '2026-03-22 00:00:00');
INSERT INTO financial_documents (document_id, player_user_id, amount, doc_type, created_at) VALUES (213, 100, 336.00, 'deposit', '2026-03-05 03:00:00');
INSERT INTO financial_documents (document_id, player_user_id, amount, doc_type, created_at) VALUES (214, 100, 1025.00, 'withdraw', '2026-02-27 13:00:00');
INSERT INTO financial_documents (document_id, player_user_id, amount, doc_type, created_at) VALUES (215, 100, 618.00, 'withdraw', '2026-03-26 22:00:00');
INSERT INTO financial_documents (document_id, player_user_id, amount, doc_type, created_at) VALUES (216, 101, 4399.00, 'deposit', '2026-03-28 22:00:00');
INSERT INTO financial_documents (document_id, player_user_id, amount, doc_type, created_at) VALUES (217, 102, 3645.00, 'deposit', '2026-03-04 23:00:00');
INSERT INTO financial_documents (document_id, player_user_id, amount, doc_type, created_at) VALUES (218, 103, 1317.00, 'deposit', '2026-01-04 08:00:00');
INSERT INTO financial_documents (document_id, player_user_id, amount, doc_type, created_at) VALUES (219, 103, 1385.00, 'withdraw', '2026-04-22 03:00:00');
INSERT INTO financial_documents (document_id, player_user_id, amount, doc_type, created_at) VALUES (220, 103, 1454.00, 'deposit', '2026-04-09 03:00:00');
INSERT INTO financial_documents (document_id, player_user_id, amount, doc_type, created_at) VALUES (221, 103, 2726.00, 'deposit', '2026-02-13 20:00:00');
INSERT INTO financial_documents (document_id, player_user_id, amount, doc_type, created_at) VALUES (222, 104, 4252.00, 'deposit', '2026-03-14 08:00:00');
INSERT INTO financial_documents (document_id, player_user_id, amount, doc_type, created_at) VALUES (223, 105, 3403.00, 'deposit', '2026-01-13 02:00:00');
INSERT INTO financial_documents (document_id, player_user_id, amount, doc_type, created_at) VALUES (224, 105, 3738.00, 'withdraw', '2026-01-14 03:00:00');
INSERT INTO financial_documents (document_id, player_user_id, amount, doc_type, created_at) VALUES (225, 105, 3762.00, 'withdraw', '2026-01-18 03:00:00');
INSERT INTO financial_documents (document_id, player_user_id, amount, doc_type, created_at) VALUES (226, 105, 245.00, 'deposit', '2026-02-23 01:00:00');
INSERT INTO financial_documents (document_id, player_user_id, amount, doc_type, created_at) VALUES (227, 106, 4664.00, 'deposit', '2026-04-17 14:00:00');
INSERT INTO financial_documents (document_id, player_user_id, amount, doc_type, created_at) VALUES (228, 107, 4264.00, 'deposit', '2026-03-27 09:00:00');
INSERT INTO financial_documents (document_id, player_user_id, amount, doc_type, created_at) VALUES (229, 107, 3837.00, 'withdraw', '2026-02-17 13:00:00');
INSERT INTO financial_documents (document_id, player_user_id, amount, doc_type, created_at) VALUES (230, 107, 1926.00, 'withdraw', '2026-02-14 05:00:00');
INSERT INTO financial_documents (document_id, player_user_id, amount, doc_type, created_at) VALUES (231, 108, 3076.00, 'withdraw', '2026-01-16 15:00:00');
INSERT INTO financial_documents (document_id, player_user_id, amount, doc_type, created_at) VALUES (232, 108, 1916.00, 'deposit', '2026-02-14 23:00:00');
INSERT INTO financial_documents (document_id, player_user_id, amount, doc_type, created_at) VALUES (233, 108, 2491.00, 'withdraw', '2026-04-01 15:00:00');
INSERT INTO financial_documents (document_id, player_user_id, amount, doc_type, created_at) VALUES (234, 108, 475.00, 'deposit', '2026-03-06 16:00:00');
INSERT INTO financial_documents (document_id, player_user_id, amount, doc_type, created_at) VALUES (235, 109, 976.00, 'withdraw', '2026-03-21 18:00:00');
INSERT INTO financial_documents (document_id, player_user_id, amount, doc_type, created_at) VALUES (236, 109, 1636.00, 'deposit', '2026-05-02 00:00:00');
INSERT INTO financial_documents (document_id, player_user_id, amount, doc_type, created_at) VALUES (237, 109, 1866.00, 'withdraw', '2026-04-17 18:00:00');
INSERT INTO financial_documents (document_id, player_user_id, amount, doc_type, created_at) VALUES (238, 109, 2868.00, 'deposit', '2026-04-09 01:00:00');
INSERT INTO financial_documents (document_id, player_user_id, amount, doc_type, created_at) VALUES (239, 110, 4923.00, 'deposit', '2026-04-11 02:00:00');
INSERT INTO financial_documents (document_id, player_user_id, amount, doc_type, created_at) VALUES (240, 111, 4927.00, 'deposit', '2026-03-06 12:00:00');
INSERT INTO financial_documents (document_id, player_user_id, amount, doc_type, created_at) VALUES (241, 111, 4444.00, 'deposit', '2026-03-14 01:00:00');
INSERT INTO financial_documents (document_id, player_user_id, amount, doc_type, created_at) VALUES (242, 111, 4893.00, 'withdraw', '2026-05-01 04:00:00');
INSERT INTO financial_documents (document_id, player_user_id, amount, doc_type, created_at) VALUES (243, 111, 1551.00, 'deposit', '2026-04-05 16:00:00');
INSERT INTO financial_documents (document_id, player_user_id, amount, doc_type, created_at) VALUES (244, 112, 3273.00, 'withdraw', '2026-03-08 00:00:00');
INSERT INTO financial_documents (document_id, player_user_id, amount, doc_type, created_at) VALUES (245, 113, 2133.00, 'withdraw', '2026-02-21 22:00:00');
INSERT INTO financial_documents (document_id, player_user_id, amount, doc_type, created_at) VALUES (246, 113, 2509.00, 'withdraw', '2026-04-15 16:00:00');
INSERT INTO financial_documents (document_id, player_user_id, amount, doc_type, created_at) VALUES (247, 113, 1231.00, 'withdraw', '2026-03-21 10:00:00');
INSERT INTO financial_documents (document_id, player_user_id, amount, doc_type, created_at) VALUES (248, 113, 4296.00, 'withdraw', '2026-04-20 10:00:00');
INSERT INTO financial_documents (document_id, player_user_id, amount, doc_type, created_at) VALUES (249, 114, 4634.00, 'deposit', '2026-01-27 18:00:00');
INSERT INTO financial_documents (document_id, player_user_id, amount, doc_type, created_at) VALUES (250, 114, 2480.00, 'withdraw', '2026-04-30 09:00:00');
INSERT INTO financial_documents (document_id, player_user_id, amount, doc_type, created_at) VALUES (251, 114, 1186.00, 'deposit', '2026-03-08 05:00:00');
INSERT INTO financial_documents (document_id, player_user_id, amount, doc_type, created_at) VALUES (252, 115, 1045.00, 'withdraw', '2026-03-15 03:00:00');
INSERT INTO financial_documents (document_id, player_user_id, amount, doc_type, created_at) VALUES (253, 115, 4874.00, 'withdraw', '2026-03-30 11:00:00');
INSERT INTO financial_documents (document_id, player_user_id, amount, doc_type, created_at) VALUES (254, 115, 4473.00, 'withdraw', '2026-04-25 01:00:00');
INSERT INTO financial_documents (document_id, player_user_id, amount, doc_type, created_at) VALUES (255, 116, 4382.00, 'deposit', '2026-01-06 00:00:00');
INSERT INTO financial_documents (document_id, player_user_id, amount, doc_type, created_at) VALUES (256, 117, 534.00, 'deposit', '2026-01-27 20:00:00');
INSERT INTO financial_documents (document_id, player_user_id, amount, doc_type, created_at) VALUES (257, 117, 1418.00, 'withdraw', '2026-03-30 20:00:00');
INSERT INTO financial_documents (document_id, player_user_id, amount, doc_type, created_at) VALUES (258, 118, 608.00, 'withdraw', '2026-01-29 05:00:00');
INSERT INTO financial_documents (document_id, player_user_id, amount, doc_type, created_at) VALUES (259, 118, 364.00, 'withdraw', '2026-04-17 02:00:00');
INSERT INTO financial_documents (document_id, player_user_id, amount, doc_type, created_at) VALUES (260, 119, 4702.00, 'deposit', '2026-04-08 08:00:00');
INSERT INTO financial_documents (document_id, player_user_id, amount, doc_type, created_at) VALUES (261, 120, 2046.00, 'withdraw', '2026-04-01 09:00:00');
INSERT INTO financial_documents (document_id, player_user_id, amount, doc_type, created_at) VALUES (262, 120, 484.00, 'withdraw', '2026-02-21 01:00:00');
INSERT INTO financial_documents (document_id, player_user_id, amount, doc_type, created_at) VALUES (263, 120, 2661.00, 'deposit', '2026-01-04 11:00:00');
INSERT INTO financial_documents (document_id, player_user_id, amount, doc_type, created_at) VALUES (264, 120, 2158.00, 'deposit', '2026-03-23 02:00:00');
INSERT INTO financial_documents (document_id, player_user_id, amount, doc_type, created_at) VALUES (265, 121, 3112.00, 'deposit', '2026-04-12 11:00:00');
INSERT INTO financial_documents (document_id, player_user_id, amount, doc_type, created_at) VALUES (266, 121, 1685.00, 'withdraw', '2026-02-28 17:00:00');
INSERT INTO financial_documents (document_id, player_user_id, amount, doc_type, created_at) VALUES (267, 122, 1631.00, 'deposit', '2026-04-07 04:00:00');
INSERT INTO financial_documents (document_id, player_user_id, amount, doc_type, created_at) VALUES (268, 123, 3190.00, 'deposit', '2026-02-25 20:00:00');
INSERT INTO financial_documents (document_id, player_user_id, amount, doc_type, created_at) VALUES (269, 124, 1165.00, 'deposit', '2026-03-17 20:00:00');
INSERT INTO financial_documents (document_id, player_user_id, amount, doc_type, created_at) VALUES (270, 124, 146.00, 'withdraw', '2026-03-03 10:00:00');
INSERT INTO financial_documents (document_id, player_user_id, amount, doc_type, created_at) VALUES (271, 124, 1368.00, 'deposit', '2026-01-21 22:00:00');
INSERT INTO financial_documents (document_id, player_user_id, amount, doc_type, created_at) VALUES (272, 125, 2567.00, 'withdraw', '2026-04-14 06:00:00');
INSERT INTO financial_documents (document_id, player_user_id, amount, doc_type, created_at) VALUES (273, 126, 697.00, 'withdraw', '2026-03-10 19:00:00');
INSERT INTO financial_documents (document_id, player_user_id, amount, doc_type, created_at) VALUES (274, 126, 1606.00, 'deposit', '2026-04-13 04:00:00');
INSERT INTO financial_documents (document_id, player_user_id, amount, doc_type, created_at) VALUES (275, 126, 1405.00, 'withdraw', '2026-03-13 05:00:00');
INSERT INTO financial_documents (document_id, player_user_id, amount, doc_type, created_at) VALUES (276, 127, 853.00, 'withdraw', '2026-01-30 18:00:00');
INSERT INTO financial_documents (document_id, player_user_id, amount, doc_type, created_at) VALUES (277, 127, 2818.00, 'withdraw', '2026-02-17 21:00:00');
INSERT INTO financial_documents (document_id, player_user_id, amount, doc_type, created_at) VALUES (278, 127, 1889.00, 'withdraw', '2026-03-15 08:00:00');
INSERT INTO financial_documents (document_id, player_user_id, amount, doc_type, created_at) VALUES (279, 127, 172.00, 'deposit', '2026-03-28 23:00:00');
INSERT INTO financial_documents (document_id, player_user_id, amount, doc_type, created_at) VALUES (280, 128, 2068.00, 'deposit', '2026-01-08 09:00:00');
INSERT INTO financial_documents (document_id, player_user_id, amount, doc_type, created_at) VALUES (281, 128, 2729.00, 'withdraw', '2026-04-29 15:00:00');
INSERT INTO financial_documents (document_id, player_user_id, amount, doc_type, created_at) VALUES (282, 128, 3261.00, 'withdraw', '2026-03-13 11:00:00');
INSERT INTO financial_documents (document_id, player_user_id, amount, doc_type, created_at) VALUES (283, 128, 2416.00, 'deposit', '2026-04-29 04:00:00');
INSERT INTO financial_documents (document_id, player_user_id, amount, doc_type, created_at) VALUES (284, 129, 4313.00, 'withdraw', '2026-03-05 13:00:00');
INSERT INTO financial_documents (document_id, player_user_id, amount, doc_type, created_at) VALUES (285, 129, 2528.00, 'deposit', '2026-02-13 04:00:00');
INSERT INTO financial_documents (document_id, player_user_id, amount, doc_type, created_at) VALUES (286, 129, 774.00, 'deposit', '2026-01-24 05:00:00');
INSERT INTO financial_documents (document_id, player_user_id, amount, doc_type, created_at) VALUES (287, 130, 636.00, 'deposit', '2026-03-29 08:00:00');
INSERT INTO financial_documents (document_id, player_user_id, amount, doc_type, created_at) VALUES (288, 131, 3575.00, 'deposit', '2026-01-29 05:00:00');
INSERT INTO financial_documents (document_id, player_user_id, amount, doc_type, created_at) VALUES (289, 131, 3665.00, 'deposit', '2026-04-08 09:00:00');
INSERT INTO financial_documents (document_id, player_user_id, amount, doc_type, created_at) VALUES (290, 132, 294.00, 'withdraw', '2026-04-03 22:00:00');
INSERT INTO financial_documents (document_id, player_user_id, amount, doc_type, created_at) VALUES (291, 132, 410.00, 'deposit', '2026-01-11 13:00:00');
INSERT INTO financial_documents (document_id, player_user_id, amount, doc_type, created_at) VALUES (292, 133, 2163.00, 'deposit', '2026-03-16 19:00:00');
INSERT INTO financial_documents (document_id, player_user_id, amount, doc_type, created_at) VALUES (293, 133, 2218.00, 'withdraw', '2026-02-21 02:00:00');
INSERT INTO financial_documents (document_id, player_user_id, amount, doc_type, created_at) VALUES (294, 134, 3647.00, 'withdraw', '2026-01-05 00:00:00');
INSERT INTO financial_documents (document_id, player_user_id, amount, doc_type, created_at) VALUES (295, 134, 1069.00, 'deposit', '2026-03-26 11:00:00');
INSERT INTO financial_documents (document_id, player_user_id, amount, doc_type, created_at) VALUES (296, 134, 618.00, 'deposit', '2026-04-01 14:00:00');
INSERT INTO financial_documents (document_id, player_user_id, amount, doc_type, created_at) VALUES (297, 134, 3030.00, 'deposit', '2026-02-09 09:00:00');

COMMIT;